BFS,f1,f2,f3,f4,f5,f6,f7,f8,f9,f10,f11,f12,f13,f14,f15,f16,f17,f18,f19,f20,f21,f22,f23,f24,f25,f26,f27,f28,f29,f30,f31,f32,f33,f34
2,0.004076086956521739,52.4234601449275,0.31068840579710144,0.1816123188405797,1.6811926605504588,0.18554621848739497,0.41757246376811596,6.0673400673400675,35635.15016685206,65099.99999999991,2011.0,1999.0,1598.0,2979.0,2.0,5.0,1777.4,11825.839999999998,1198.6,2283.1299999999987,1.591032608695652,4.0,4.0,6.0,604000.0,1237099.9999999995,1983.0,1901.8,5.230978260869565,1.0,1000.0,8116.942499999997,434.0,1212.09
52,0.0006016847172081829,50.7015643802647,0.36040914560770154,0.27737665463297234,1.7270408163265305,0.14307851239669422,0.36161251504211794,5.839100346020762,37944.8275862069,75000.0,2010.0,2000.0,1796.0,2987.0,2.0,5.949999999999989,1738.3,11049.839999999998,1212.65,2636.2949999999996,1.8074608904933815,4.0,4.0,6.5,663000.0,1173250.0,1986.0,1911.45,4.470517448856799,1.0,986.35,6382.1075,496.225,1325.2
53,0.005681818181818182,50.868421052631675,0.3113038277511962,0.2727272727272727,1.7215007215007214,0.1705165468359594,0.3741028708133971,5.952978056426332,36379.8751950078,70000.0,2010.0,1999.0,1598.0,2987.0,2.0,6.0,1661.85,11765.794999999975,1220.65,2438.9749999999995,1.7766148325358853,4.0,3.5,6.0,622000.0,1279999.9999999984,1974.0,1870.4,5.0941985645933014,1.0,847.8,7406.0999999999985,451.3,1295.3249999999998
62,0.0023752969121140144,51.178939034045925,0.1892319873317498,0.22565320665083136,1.6021739130434782,0.13234831813895,0.38044338875692796,5.802992518703242,37895.78163771712,73500.0,2010.0,1998.0,1780.5,3183.75,2.0,7.0,2027.75,13263.1,1249.3,2353.759999999999,1.8198733174980206,3.0,3.5,5.5,642500.0,1178500.0,1977.0,1880.5,5.8511480601741885,1.0,844.1,7810.039999999996,417.775,1225.1724999999997
66,0.005456349206349206,45.58581349206338,0.15426587301587302,0.31994047619047616,1.5958702064896755,0.3085871728149395,0.3784722222222222,5.993162393162393,37726.81281618887,76000.0,2010.0,1999.0,1794.0,2993.0,2.0,7.0,1742.025,13663.257499999996,1188.75,2290.1949999999974,1.8100198412698412,3.0,3.5,5.5,627000.0,1200000.0,1971.5,1870.0,6.119543650793651,1.0,800.0,8682.849999999991,386.7,1024.4250000000002
69,0.001374885426214482,51.517415215398614,0.26581118240146656,0.24197983501374887,1.6884057971014492,0.13693987699259444,0.3593033913840513,6.084722222222222,39034.435261707986,72750.0,2010.0,1998.0,1798.0,2993.0,2.0,6.0,2008.325,13011.849999999999,1208.9,2416.775,1.8845096241979835,4.0,3.5,6.0,707000.0,1200000.0,1964.5,1909.0,5.527956003666361,1.0,1063.15,7231.239999999995,464.92499999999995,1459.4799999999996
93,0.0,51.98701298701303,0.47763347763347763,0.18326118326118326,1.6129032258064515,0.06162738995108937,0.3492063492063492,5.964856230031949,35194.267515923566,64699.999999999935,2010.0,2000.0,1642.0,2970.0,1.0,5.0,1777.4,14204.694999999976,1237.8,2415.2,1.546897546897547,4.0,4.5,6.5,639000.0,1302000.0,1984.0,1862.0,3.619047619047619,1.0,1060.4,14133.744999999954,588.85,1510.135
96,0.007973251028806584,53.714248971193456,0.27649176954732513,0.2361111111111111,1.6394849785407726,0.21373206530701996,0.3881172839506173,5.867867867867868,38841.59159159159,75450.00000000004,2011.0,1999.0,1796.0,2995.0,2.0,6.0,1830.0,11627.229999999998,1231.5,2374.4599999999996,1.5815329218106995,3.0,3.5,5.5,604000.0,1192799.9999999998,1981.0,1875.0,5.18287037037037,1.0,929.65,9071.320000000005,435.75,1236.25
117,0.0027548209366391185,53.99862258953158,0.43112947658402206,0.1522038567493113,1.7328519855595668,0.13086976115367283,0.3856749311294766,5.933333333333334,36302.76816608997,70000.0,2011.0,1999.0,1781.0,2979.0,2.0,6.0,1940.95,8922.009999999997,1192.8,2530.3749999999995,1.2203856749311295,3.0,4.0,6.5,577500.0,1189500.0,1977.0,1786.4,4.15771349862259,1.0,1057.625,6106.547499999988,483.29999999999995,1305.7375
118,0.002520478890989288,53.27473219911781,0.40264650283553877,0.18273471959672338,1.7865853658536586,0.13130895250703292,0.4114681789540013,6.012323943661972,35417.391304347824,68299.99999999996,2010.0,2000.75,1765.0,2987.0,2.0,6.0,1411.65,12052.269999999973,1141.2,2240.05,1.6824196597353498,3.0,4.0,6.5,544500.0,1078999.9999999995,1968.5,1846.1,4.77189666036547,1.0,886.0,8084.744999999999,459.4,1350.965
131,0.0007719027402547279,55.838286375916596,0.19451949054419143,0.21767657275183327,1.6595744680851063,0.13824565147796394,0.39637205712080276,6.086711711711712,36945.19015659955,70000.0,2010.0,1998.0,1599.5,2995.0,2.0,6.0,1683.225,10401.892499999993,1145.0,2247.05,1.6422230798919337,4.0,3.5,5.5,675500.0,1250150.0,1965.0,1880.0,5.886916248552683,1.0,988.85,8931.289999999997,417.475,1153.105
133,0.0028238616307800918,55.244264031062585,0.29968231556653724,0.21673138016237203,1.640035118525022,0.27923710019220344,0.3713378044475821,6.060754532092112,39617.5898931001,75149.99999999987,2011.0,1998.0,1798.0,2995.0,2.0,6.0,2053.15,13386.087499999949,1240.7,2544.24,1.6710201200141193,4.0,4.0,6.5,675000.0,1360699.9999999995,1972.0,1820.0,4.94969996470173,1.0,1035.675,8657.822499999986,467.1,1408.8999999999999
138,0.002242152466367713,53.23408071748872,0.3560538116591928,0.23139013452914797,1.644859813084112,0.16701617735170762,0.36905829596412554,6.051032806804375,37210.33653846154,74000.0,2011.0,2000.0,1781.0,2993.0,2.0,5.0,1771.1,9853.7,1219.45,2547.135,1.7627802690582959,4.0,4.5,6.5,645000.0,1364199.9999999995,1981.0,1835.5,4.713452914798206,1.0,1038.95,11777.687499999995,483.7,1427.56
141,0.0022257551669316376,53.84864864864858,0.2890302066772655,0.2165341812400636,1.6320907617504052,0.17679464837821127,0.38600953895071544,6.014619883040936,41026.188166828324,81000.0,2011.0,1999.0,1840.0,2997.6,2.0,6.0,2247.0,11142.115,1301.9499999999998,2682.5149999999967,1.6874403815580286,4.0,4.0,6.0,715000.0,1585500.0,1965.0,1818.9,6.0556438791732905,1.0,1071.0,11246.380000000008,487.15,1498.2375
154,0.0013882461823229986,57.07311429893571,0.33688107357704766,0.1892642295233688,1.6361323155216285,0.15226888387824125,0.41323461360481256,5.83763277693475,48272.18045112782,103799.99999999996,2010.0,1995.3,1968.0,3978.099999999999,2.0,7.0,2466.575,18142.562499999996,1320.4,3305.099999999995,1.5950948634891253,4.0,4.0,6.5,835000.0,2522349.999999998,1963.0,1895.6,5.002776492364646,1.0,1392.6,18569.319999999996,548.15,2239.87
155,0.002051983584131327,54.80642954856353,0.3508891928864569,0.19630642954856362,1.771341463414634,0.13499538319482918,0.38645690834473323,6.059322033898305,41004.21052631579,79899.99999999987,2011.0,2000.0,1798.0,3189.0,2.0,6.0,1878.375,14860.192499999996,1257.5,2677.8799999999987,1.863201094391245,4.0,4.0,6.0,668000.0,1445500.0,1978.0,1797.0,4.992476060191518,1.0,913.9,7541.565,477.70000000000005,1432.0675000000008
156,0.00199203187250996,55.322211155378454,0.34163346613545814,0.19671314741035856,1.7007299270072993,0.1459090248510391,0.4043824701195219,5.584876543209877,47150.45592705167,110149.99999999997,2011.0,1996.0,1968.0,3803.5999999999995,2.0,6.0,2345.2749999999996,14909.155000000004,1311.9,3177.1,1.7868525896414342,4.0,4.0,6.5,739500.0,1900000.0,1973.0,1760.0,4.897908366533865,1.0,1185.25,9743.76499999999,548.2,1870.2749999999983
158,0.0004970178926441351,55.20477137176931,0.38966202783300197,0.17047713717693838,1.6236842105263158,0.14078790847386466,0.3802186878727634,5.831378299120234,41712.626995645864,81600.00000000003,2011.0,1998.0,1967.0,2996.0,2.0,6.0,2030.85,11879.6,1260.5,2632.439999999999,1.7887673956262427,4.0,4.0,6.5,698500.0,1634149.9999999993,1974.0,1750.0,4.681908548707754,1.0,1054.825,10773.797499999966,484.1,1551.475
161,0.0023894862604540022,58.03584229390685,0.2956989247311828,0.2174432497013142,1.61671469740634,0.1308732702681573,0.43130227001194743,5.608606557377049,52456.38945233266,117399.99999999997,2011.0,1997.7,1984.0,3800.0,2.0,6.0,2369.95,12733.4,1323.4,3400.6399999999985,1.7413381123058542,4.0,4.0,6.5,799500.0,2396949.9999999995,1961.0,1886.0,5.4420549581839905,1.0,1240.0,10081.369999999988,548.95,1984.95
177,0.0018450184501845018,53.85470479704804,0.3514760147601476,0.16236162361623616,1.7341176470588235,0.1841345337183625,0.40913284132841327,6.080890973036342,36161.06604866744,66000.0,2010.0,1998.0,1685.0,2987.0,2.0,6.0,1952.75,11770.299999999992,1190.6,2271.6099999999997,1.6051660516605166,3.0,4.5,6.0,620000.0,1236499.9999999995,1974.0,1859.95,4.697878228782288,1.0,1064.7,7385.84499999999,453.9,1254.9399999999998
191,0.0037028969723371815,52.64169026355921,0.23611413635373557,0.24199520801568286,1.5923566878980893,0.16580591570659828,0.4027445001089087,5.9212656364974245,41534.545454545456,79299.99999999996,2010.0,1997.0,1798.0,2997.0,2.0,6.0,1908.0,12936.6,1196.0,2413.18,1.7065998693095186,4.0,3.5,6.0,625000.0,1801500.0,1971.0,1888.4,5.6179481594423875,1.0,1094.4,10011.567499999997,433.9,1393.6799999999996
198,0.0025245025245025244,53.33189783189778,0.3180873180873181,0.16988416988416988,1.6492483894058698,0.19621783851510824,0.401989901989902,6.050290939318371,37439.325380501854,69500.0,2010.0,1998.0,1781.0,2993.0,2.0,6.0,1873.825,11718.15,1180.75,2302.5,1.6624591624591625,4.0,4.0,6.0,625000.0,1209350.0,1980.0,1844.45,5.034006534006534,1.0,1074.55,7688.139999999991,449.875,1278.7449999999997
199,0.002812374447569305,52.98352752109281,0.3262354359180394,0.1892326235435918,1.6482889733840305,0.13394683026584867,0.38408999598232224,6.082230623818526,37923.4360410831,72000.0,2010.0,1998.0,1796.0,2987.0,2.0,5.0,1841.9,11236.459999999992,1210.7,2389.96,1.6070711128967456,3.0,4.5,6.0,630000.0,1315999.9999999986,1991.0,1881.8,4.488951386098835,1.0,950.45,9874.159999999994,467.625,1301.6899999999994
230,0.004849762783342119,49.45819715340008,0.24623089088033737,0.222772799156563,1.639367816091954,0.17280801639717605,0.3904059040590406,6.014398422090729,34958.30070477682,64000.0,2010.0,1998.0,1598.0,2967.0,2.0,6.0,1642.675,10883.277499999986,1099.2,2077.935000000001,1.5903004744333158,3.0,3.5,6.0,575000.0,1156000.0,1955.0,1870.0,5.7951502372166575,1.0,915.25,6298.0,393.85,1100.2199999999998
243,0.008067344791301298,51.84952648193621,0.1673097158891617,0.24482637670992635,1.6214442013129102,0.10529620327965726,0.39354612416695894,5.933997509339975,37564.89493201483,73000.0,2010.0,1999.0,1781.0,2993.0,2.0,6.0,2233.6,11344.939999999991,1118.4,2312.179999999998,1.459487898982813,3.0,3.5,5.5,584500.0,1105849.9999999998,1978.0,1904.5,5.9238863556646795,1.0,935.225,5311.419999999999,377.55,1094.9
247,0.0023148148148148147,49.909143518518476,0.14525462962962962,0.26273148148148145,1.5671641791044777,0.09216491546215798,0.3894675925925926,5.900735294117647,37622.71062271062,70750.0,2010.0,1998.0,1798.0,2987.0,2.0,7.0,1837.7,10851.5,1175.25,2322.02,1.4826388888888888,3.0,3.5,5.5,530000.0,1199899.999999999,1975.0,1922.15,6.143518518518518,1.0,1050.275,7457.032499999998,377.8,937.274999999999
250,0.003940110323089046,52.61544523246653,0.219070133963751,0.13947990543735225,1.6511627906976745,0.13140726933830382,0.41922773837667454,6.291566265060241,38112.44019138756,74000.0,2010.0,2000.0,1699.0,2995.0,2.0,5.0,2076.75,12841.999999999964,1210.7,2371.4199999999996,1.2710795902285263,3.0,3.5,5.5,597000.0,1344799.9999999995,1971.0,1900.0,5.695823483057525,1.0,1032.0,6979.549999999957,414.9,1220.1199999999997
261,0.003623572291326736,48.6812739717318,0.09590811807336144,0.23578648471106778,1.5589266656502516,0.1171684518400445,0.428556292513403,6.01873151495235,39366.074313408724,77000.0,2010.0,1997.0,1796.0,2996.0,2.0,6.0,1666.6,11253.669999999996,1097.05,2298.194999999998,1.6694708736835413,3.0,3.0,5.0,590000.0,1592799.9999999984,1950.0,1856.95,7.085185734568032,1.0,989.0,7145.099999999997,365.1,963.95
296,0.0018814675446848542,53.58137347130764,0.3398400752587018,0.1839134524929445,1.6732186732186731,0.25315551321743274,0.4094543744120414,6.056094182825484,36971.84065934066,72000.0,2010.0,1999.0,1720.5,2993.0,2.0,5.0,1915.15,9828.139999999974,1189.7,2168.2099999999978,1.6093603010348072,4.0,4.0,6.5,620500.0,1329500.0,1973.0,1840.0,4.964722483537159,1.0,1034.0,7000.0,448.15,1297.55
306,0.0060959448714550755,49.717996289424946,0.31990458521070764,0.20487675589716406,1.6975242195909581,0.25656194750441996,0.3718526371587596,6.082736156351792,35803.374432186894,69000.0,2010.0,1998.0,1598.0,2976.0,2.0,6.0,1536.15,8863.6525,1174.6,2159.469999999999,1.9353299761463028,4.0,4.0,6.0,575000.0,1152200.0,1990.0,1901.8,5.214948316989133,1.0,1062.575,8593.009999999997,455.15,1228.1
329,0.007249378624689312,52.169635459817755,0.322079536039768,0.20774647887323944,1.704684317718941,0.3114637765305464,0.3751035625517813,5.8835,33731.11332007952,63000.0,2009.0,1998.0,1598.0,2792.0,2.0,5.0,1534.65,8777.905000000002,1101.5,2068.459999999999,1.956503728251864,4.0,4.0,6.5,597000.0,1392799.9999999993,1973.0,1911.3,5.254763877381938,1.0,1040.0,9782.45,430.70000000000005,1439.125
351,0.005964214711729622,48.82974616071692,0.13305673207134008,0.2590831820670182,1.561875,0.26072944446531193,0.41138675195205576,5.975397539753976,35910.05917159763,69000.0,2009.0,1996.0,1598.0,2993.0,2.0,7.0,1548.25,9540.477499999994,1038.1,2059.02,1.85319964272337,4.0,3.0,5.5,570000.0,1468000.0,1950.0,1892.0,7.160832108796496,1.0,962.075,6204.4249999999965,373.35,998.4
355,0.00564838785596611,52.24131168117992,0.2538636541931435,0.2534714050364792,1.6411428571428572,0.3113732962040158,0.375225543265082,6.284827213822894,35464.879356568366,66000.0,2010.0,1998.0,1598.0,2976.0,2.0,6.0,1554.4250000000002,9392.597499999978,1103.8,2115.08,1.8655369890954734,4.0,3.5,6.0,585500.0,1127000.0,1969.0,1905.0,5.805130618969169,1.0,990.9,8916.299999999981,424.6,1208.9
356,0.0011922503725782414,56.93591654247393,0.3359165424739195,0.25245901639344265,1.689763779527559,0.2573444810922758,0.3555886736214605,6.003741814780168,42788.1591119334,85000.0,2010.0,1998.0,1821.0,3387.6499999999996,2.0,6.0,1938.15,10216.499999999998,1231.85,2897.8450000000007,1.8900149031296571,4.0,4.0,6.5,711000.0,1793599.9999999995,1968.0,1907.0,5.120417287630403,1.0,1200.0,12865.159999999998,515.425,1760.7799999999972
361,0.005356407086938607,51.21631644004947,0.23650597445405852,0.2554594149155336,1.7221006564551422,0.2371275036638984,0.357643180881747,6.108538350217077,36037.410071942446,71299.99999999996,2010.0,1996.0,1598.0,2987.0,2.0,6.0,1882.0,10022.352499999994,1127.4,2253.2999999999993,1.7140502678203544,4.0,3.5,6.0,608000.0,1071000.0,1969.0,1910.6,5.763081994231562,1.0,999.0,8688.26,421.75,1189.87
362,0.0068939103791650705,53.03600153197999,0.25813864419762544,0.2642665645346611,1.703781512605042,0.22927643133122586,0.36652623515894295,6.26392572944297,37926.023778071336,76000.0,2010.0,1997.0,1794.0,2995.0,2.0,7.0,1794.625,9589.7725,1171.1,2235.6499999999996,1.785905783224818,4.0,3.5,5.5,580000.0,1153600.0000000005,1977.0,1921.0,5.461126005361931,1.0,1023.85,8037.714999999991,421.8,1192.9150000000006
363,0.006870229007633588,51.856488549618234,0.16615776081424935,0.2875318066157761,1.6008230452674896,0.22946225258363986,0.3842239185750636,6.100713012477718,35509.28381962865,65000.0,2010.0,1998.0,1699.0,2987.0,2.0,6.0,1618.0,8696.725,1102.3,2158.15,1.7989821882951653,3.0,3.5,5.5,560000.0,955299.9999999999,1977.0,1915.25,6.230534351145038,1.0,880.3,6246.324999999998,382.5,931.875
371,0.005333333333333333,51.58933333333334,0.19125333333333333,0.28,1.6393738711619505,0.17215733803437638,0.4241066666666667,6.121046466224131,35414.24699961286,69000.0,2009.0,1998.0,1598.0,2985.399999999998,2.0,6.0,1693.7,8793.569999999998,1102.8,2187.579999999999,1.6993066666666667,3.0,3.5,5.5,622000.0,1300000.0,1955.5,1890.0,6.457173333333333,1.0,1040.0,9110.207499999995,373.2,1016.5249999999985
404,0.004096122337520481,50.81867831785917,0.2359366466411797,0.2804478427089022,1.7387944358578054,0.22473151273396746,0.3571818678317859,6.02434456928839,33153.06122448979,61000.0,2009.0,1998.0,1598.0,2967.0,2.0,6.0,1401.0,8530.95,1073.6,2068.27,1.8263244128891316,4.0,3.5,6.0,564000.0,1185799.9999999993,1968.0,1900.0,5.652102676133261,1.0,996.875,8544.4125,391.275,1208.675
546,0.0035971223021582736,51.372501998401276,0.33253397282174263,0.21023181454836132,1.6809701492537314,0.24718435091879076,0.3425259792166267,6.105960264900662,34566.70341786108,63000.0,2010.0,1999.0,1598.0,2967.0,2.0,6.0,1653.2,9496.134999999995,1172.55,2230.8449999999984,1.6694644284572342,4.0,4.0,6.0,568500.0,1000000.0,1980.0,1913.9,4.800559552358114,1.0,990.2,8268.025000000005,468.15,1223.1499999999996
578,0.001323918799646955,51.74095322153585,0.3744483671668138,0.24029126213592233,1.6179624664879357,0.7988718491098185,0.3614298323036187,6.093109869646183,36141.377209018894,69000.0,2010.0,1999.0,1794.0,2980.199999999999,2.0,6.0,1737.4,9633.875,1250.5500000000002,2288.94,1.9611650485436893,4.0,3.5,5.5,620000.0,1233999.9999999998,1972.0,1895.25,5.620917917034422,1.0,1068.8,10524.819999999998,462.2,1309.275
616,0.002819548872180451,53.57487468671684,0.40883458646616544,0.21522556390977443,1.6923076923076923,0.2575024201355276,0.35275689223057644,6.157399486740804,35128.51063829787,65299.999999999956,2010.0,1999.0,1598.0,2969.25,2.0,6.0,1612.45,8546.49999999999,1135.95,2191.925,1.8906641604010026,4.0,4.0,6.0,576000.0,1009000.0,1976.0,1905.0,4.776002506265664,1.0,947.15,7689.014999999975,480.7,1249.1999999999998
700,0.007142857142857143,50.355612244897884,0.3663265306122449,0.1989795918367347,1.6755555555555555,0.25837068283680464,0.3903061224489796,6.052197802197802,32540.983606557376,57449.999999999935,2011.0,2000.0,1597.0,2457.0,2.0,6.0,3056.825,12021.054999999997,1282.0,2438.4,1.6693877551020408,3.0,4.0,5.5,520000.0,957000.0,1984.5,1913.5,4.977551020408163,1.0,1162.225,9507.925,438.0,1201.4499999999998
723,0.002242152466367713,56.67488789237677,0.4170403587443946,0.11659192825112108,1.728395061728395,0.12076902247495261,0.4260089686098655,6.2625,33950.31055900621,57000.0,2011.0,2000.0,1598.0,2656.0,2.0,6.799999999999997,2235.2250000000004,10941.984999999997,1243.3,2149.8,1.5493273542600896,4.0,4.0,6.5,665000.0,1682700.0,1978.0,1900.0,4.504484304932736,1.0,1324.4,17636.82249999996,476.65,1376.8699999999997
768,0.004206879485275922,53.251917842118246,0.40113833209601585,0.19995050730017322,1.6818181818181819,0.31786360418469284,0.3518930957683742,6.145365168539326,35131.487889273354,69000.0,2010.0,1998.0,1599.0,2967.0,2.0,6.0,2459.7250000000004,12080.229999999983,1137.1999999999998,2038.2,1.7010640930462757,4.0,4.0,6.0,600000.0,1178199.9999999995,1974.0,1910.1,4.5149715416976,1.0,1231.525,10034.147499999995,482.4,1330.0375000000001
861,0.002593192868719611,51.694003241491146,0.3063209076175041,0.2320907617504052,1.708695652173913,0.26747008843419456,0.3500810372771475,6.012383900928793,35028.57142857143,66299.99999999996,2010.0,1998.0,1598.0,2967.0,2.0,6.850000000000023,1933.45,9839.409999999996,1150.75,2270.0299999999997,1.8525121555915722,4.0,4.0,5.5,587000.0,1013599.9999999999,1990.0,1905.4,4.941004862236629,1.0,1000.0,8208.534999999996,481.85,1304.129999999999
939,0.003522080736927662,51.48442156597139,0.3470604172311027,0.18829585478190192,1.6883289124668435,0.23385921561173414,0.36521267949065295,6.016974169741697,34441.43484626647,64750.0,2010.0,1999.0,1598.0,2521.0,2.0,6.0,1752.3,9545.719999999996,1039.7,1992.3999999999994,1.8127878623679219,4.0,4.0,6.0,564000.0,1001799.9999999998,1977.0,1903.0,4.941208344622054,1.0,1046.0,7600.275,459.65,1221.4899999999996
942,0.007028546712802768,51.46193771626304,0.2849264705882353,0.20144896193771628,1.6599874765184721,0.21226588321704004,0.37759515570934254,6.049626104690686,34570.94708459724,65000.0,2010.0,1998.5,1598.0,2967.0,2.0,6.0,2233.0,10748.109999999999,1065.5,2058.8500000000004,1.7972534602076125,3.0,3.5,5.5,576000.0,1127000.0,1970.0,1908.2,5.725237889273356,1.0,1045.0,6700.93,419.1,1127.4250000000002
1024,0.0033812341504649195,50.69258946182026,0.22428853198083967,0.18850380388841928,1.69625520110957,0.11740770146883683,0.4020850943927867,5.907571288102262,33904.06976744186,61000.0,2010.0,1999.55,1598.0,2498.8999999999996,2.0,6.0,1489.4250000000002,8334.5825,1057.1,1987.4749999999995,1.6460974922513385,3.0,3.5,5.5,510000.0,835199.9999999998,1985.0,1930.0,6.060862214708369,1.0,970.0,6767.94,389.1,1006.1974999999996
1054,0.0017064846416382253,50.52047781569968,0.22070534698521047,0.20477815699658702,1.6036745406824147,0.13205137835198677,0.3845278725824801,6.116760828625235,34625.69832402235,64000.0,2011.0,2000.0,1598.0,2970.0,2.0,6.0,2093.7250000000004,12837.754999999997,1098.4,2047.91,1.7531285551763367,3.0,4.0,6.0,524000.0,1004699.9999999984,1980.0,1948.7,5.60523321956769,1.0,1081.3,8226.454999999984,413.95,1119.9899999999998
1058,0.002653927813163482,51.91082802547771,0.164897381457891,0.16967445152158528,1.6143497757847534,0.4070872947277442,0.4051663128096249,5.988871224165342,35863.63636363636,67000.0,2010.0,1999.0,1598.0,2987.0,2.0,6.0,1450.0,10158.75,1054.0,2098.0099999999998,1.8007784854918614,3.0,3.5,5.5,605500.0,1465349.9999999993,1972.0,1900.0,6.6222576079263975,1.0,1048.3,8442.375,402.95000000000005,1125.4525
1059,0.006408544726301735,52.80053404539376,0.2170894526034713,0.15433911882510012,1.6567967698519515,0.1381409074142383,0.3919893190921228,6.16542750929368,34180.98720292505,61349.99999999991,2010.0,2000.0,1598.0,2504.8999999999987,2.0,6.0,1724.65,12003.775,1092.15,2003.925,1.67022696929239,3.0,3.5,5.5,520000.0,965000.0,1980.0,1905.25,5.914018691588785,1.0,1000.0,7183.269999999994,410.15,1109.6499999999999
1061,0.004023833475199257,49.82573705795858,0.13634604967886713,0.19260233691867212,1.595152140278494,0.1583856260417688,0.4296216048905053,5.856925418569254,35762.667660208645,69000.0,2010.0,1999.0,1598.0,2987.0,2.0,6.0,1553.0,10858.519999999993,1030.6,2040.36,1.7884392169001007,3.0,3.5,5.5,581500.0,1466000.0,1969.0,1900.0,7.110191132090072,1.0,1000.0,8019.734999999999,385.5,1023.9200000000001
1103,0.0007855459544383347,48.872741555381026,0.26747839748625296,0.2439120188531029,1.6321428571428571,0.2646294563974639,0.3448546739984289,5.952325581395349,33685.41905855339,58000.0,2011.0,1999.0,1596.0,2521.0,2.0,5.0,1615.875,8532.029999999995,1105.0,2050.594999999999,1.6802827965435978,3.0,4.0,6.0,584000.0,1163500.0,1983.0,1923.0,5.843283582089552,1.0,1098.075,9131.532500000001,446.1,1169.0900000000001
1201,0.0010190217391304348,53.97826086956525,0.3685461956521739,0.25509510869565216,1.7658045977011494,0.31961784822494843,0.33186141304347827,6.289676425269645,33979.48328267477,62000.0,2010.0,2000.0,1598.0,2934.0999999999985,2.0,6.0,1569.575,8585.155,1103.8,1988.575,1.2680027173913044,3.0,4.5,6.5,630000.0,1222199.999999999,1977.0,1900.0,5.147758152173913,1.0,1000.0,6439.812500000003,451.6,1815.4
1301,0.0018115942028985507,53.02657004830917,0.4042874396135266,0.19353864734299517,1.7084468664850136,0.2156109628279409,0.3641304347826087,6.083697234352257,38194.82386772106,73000.0,2010.0,1998.0,1799.0,2994.6,2.0,6.0,1966.95,12343.409999999976,1182.9,2258.2,1.5015096618357489,3.0,4.5,6.5,720000.0,1325150.0,1986.0,1923.0,4.54981884057971,1.0,1069.75,6880.0,508.2,2081.5
1322,0.001229256299938537,54.25845113706214,0.39551321450522436,0.19161032575291947,1.6416988416988416,0.40182761175598913,0.35187461585740626,5.908545727136432,46810.51846325998,102000.0,2011.0,1999.0,1968.0,3596.0,2.0,6.0,2171.625,14810.224999999999,1334.3000000000002,3255.2,1.6006453595574677,4.0,4.5,6.5,701000.0,2100000.0,1983.0,1920.0,4.704517516902274,1.0,1338.7,12002.05,545.95,2418.8
1362,0.003248375812093953,53.50424787606198,0.2581209395302349,0.187656171914043,1.8207792207792208,0.34103110353642946,0.35907046476761617,5.984335839598997,35190.03115264798,71000.0,2010.0,1999.0,1794.0,2987.0,2.0,6.0,1605.5500000000002,8866.9,1055.6,2071.7400000000002,1.6621689155422288,3.0,4.0,6.5,675000.0,1140000.0,1988.0,1900.0,5.180659670164918,1.0,960.15,9391.759999999997,486.35,2001.475
1372,0.0014814814814814814,51.594444444444434,0.3548148148148148,0.1451851851851852,1.852852852852853,0.18139066174000673,0.3748148148148148,6.05390625,34411.44624903326,64399.99999999986,2010.0,1999.0,1685.0,2957.8999999999987,2.0,5.0,1707.9,10593.744999999999,1133.1,1991.32,1.6385185185185185,4.0,4.5,6.5,723500.0,1382500.0,1981.0,1900.0,4.672592592592593,1.0,968.35,8830.999999999996,536.45,2349.7574999999997
1407,0.000598623166716552,53.743789284645345,0.4283148757856929,0.23735408560311283,1.6834451901565997,0.3264927196325613,0.3400179586950015,6.356925418569254,36660.67415730337,69000.0,2011.0,2000.0,1796.0,2967.0,2.0,5.0,1962.35,9777.499999999995,1194.7,2151.3849999999993,1.5019455252918288,3.0,4.5,6.5,727000.0,1500000.0,1982.0,1900.0,4.763244537563604,1.0,1165.85,8455.744999999955,512.75,2292.95
1509,0.0007892659826361484,50.561168113654276,0.3267561168113654,0.23914759273875297,1.7327823691460056,0.15204608184327373,0.32202052091554856,6.093555093555094,34471.311475409835,61649.99999999998,2011.0,2000.4,1598.0,2828.899999999994,2.0,5.0,1850.075,11443.775,1130.4,1931.9799999999998,1.7221783741120757,4.0,4.5,6.0,650000.0,1164500.0,1980.0,1897.0,5.184688239936858,1.0,848.9,5058.012499999994,411.2,1001.425
1630,0.0015748031496062992,50.88818897637793,0.34960629921259845,0.19160104986876642,1.6761229314420805,0.1054992523675029,0.38530183727034123,5.989528795811518,35492.207792207795,66000.0,2010.0,1999.0,1798.0,2967.0,2.0,6.0,1862.55,11837.275,1221.9499999999998,2474.269999999998,1.5931758530183726,3.0,4.5,6.5,586000.0,1013999.9999999998,1979.0,1900.0,4.020997375328084,1.0,990.075,6794.3625,462.6,1168.7475
1632,0.0008264462809917355,54.82438016528931,0.32892561983471075,0.20702479338842975,1.6695652173913043,0.19336795844986016,0.38264462809917354,5.8341384863123995,34681.08974358974,66000.0,2009.0,1997.0,1798.0,2799.0,2.0,5.0,1452.4,10595.910000000005,1105.9,2382.455,1.7921487603305786,3.0,4.5,6.5,572000.0,1079000.0,1970.0,1833.1000000000001,4.939256198347107,1.0,854.35,6285.0,433.975,1004.5199999999999
1701,0.0024161884627000906,52.16067653276946,0.2691029900332226,0.24645122319540924,1.6467486818980668,0.13722077168552366,0.3684687405617638,6.1278748850046,39868.0618744313,77000.0,2011.0,1999.0,1798.0,2993.0,2.0,5.149999999999977,1801.1,10899.575000000004,1208.6,2350.2099999999973,1.6744186046511629,4.0,4.0,6.0,749000.0,1892799.9999999946,1981.0,1903.0,5.222893385684084,1.0,1142.0,9932.605,439.25,1371.2149999999965
1702,0.0015157256536566881,51.4622963243653,0.27737779461917395,0.2682834406972338,1.6388888888888888,0.16274050320670944,0.33497536945812806,6.1172638436482085,39809.06148867314,76399.99999999987,2011.0,2001.0,1798.0,2994.6,2.0,6.0,1892.9499999999998,9987.005,1198.5,2708.8399999999992,1.5475558923834787,3.0,4.0,6.0,717500.0,1540050.0,1987.0,1903.0,5.090564607805987,1.0,1098.025,6500.0,440.20000000000005,1197.9774999999997
1707,0.0006353240152477764,48.378653113087694,0.24777636594663277,0.22490470139771285,1.6622073578595318,0.6080154514727185,0.3475222363405337,6.045150501672241,41345.0,78049.99999999972,2011.0,2000.0,1882.5,2997.0,2.0,5.0,2249.4,11152.75,1218.5,2407.1,1.5749682337992377,3.0,4.0,6.0,758000.0,1644000.0,1985.0,1907.0,5.247776365946633,1.0,1123.0749999999998,9057.814999999986,439.15,1324.75
1708,0.003543586109142452,51.995747696669014,0.2508858965272856,0.22820694542877393,1.6956521739130435,0.14494093477144324,0.34727143869596033,6.212475633528265,39174.41860465116,74000.0,2011.0,2001.0,1798.0,2993.0,2.0,5.0,1899.525,12396.682499999988,1216.3,2669.1,1.634301913536499,3.5,4.0,6.149999999999977,714000.0,1348400.0,1981.0,1903.0,5.195605953224663,1.0,1010.0999999999999,5472.0625,438.375,1259.025
1711,0.001232589670898558,54.04141501294225,0.19511894490324172,0.247010970048071,1.621212121212121,0.2722117836532009,0.36866757056575866,5.985645933014354,45694.980694980695,98000.0,2011.0,1999.0,1968.0,3498.0,2.0,6.0,1827.95,11670.930000000006,1286.4,2943.9,1.6876617773943055,4.0,3.5,5.5,735000.0,2133499.999999998,1970.0,1900.0,5.95735239738691,1.0,1100.0,8498.0,437.8,1477.8
2125,0.0025005683109797683,49.38235962718795,0.2948397363037054,0.18867924528301888,1.646678966789668,0.1953114593970608,0.4382814275971812,6.002692514808832,31961.991434689506,59000.0,2011.0,2001.0,1587.0,2488.0,2.0,6.0,1935.15,11886.980000000001,1290.8,2520.6000000000004,1.7456240054557854,3.0,3.5,5.5,567000.0,1055000.0,1998.0,1932.15,5.180722891566265,1.0,959.5,7408.9,422.65,1333.5349999999994
2196,0.003800904977375566,50.22027149321275,0.16868778280542987,0.19619909502262445,1.635667396061269,0.14229055602771123,0.42914027149321265,6.058168316831683,31683.536585365855,58000.0,2011.0,1999.0,1591.0,2494.0,2.0,6.0,1661.4,9618.894999999997,1147.9,2157.8799999999997,1.5419004524886877,3.0,3.5,5.5,602000.0,1193200.0,1972.0,1800.0,6.3933031674208145,1.0,919.2249999999999,7020.182499999988,369.275,1145.7274999999995
2228,0.004281345565749235,53.42568807339444,0.309480122324159,0.19143730886850152,1.648,0.13481200527704484,0.40244648318042814,6.276629570747218,33184.83412322275,61399.99999999998,2011.0,2001.0,1591.0,2494.8999999999996,2.0,5.0,1747.65,10848.4875,1202.6,2281.06,1.5724770642201835,3.0,3.5,6.5,603000.0,1102299.9999999995,1982.0,1939.0,5.014067278287461,1.0,1014.5,9695.067499999997,456.4,1507.8300000000004
2275,0.0028178936245156746,53.11694258541729,0.41951391334977106,0.18738992603029236,1.7187993680884677,0.34757590597453475,0.37900669249735824,6.048679867986799,34681.96721311475,65000.0,2010.0,1999.0,1598.0,2953.749999999999,2.0,5.7999999999999545,1663.125,9259.3,1119.4,2334.1500000000005,1.536808735470236,3.0,4.5,6.5,622000.0,1200000.0,1987.0,1900.0,4.522014793941529,1.0,1248.75,10745.075,499.75,1605.5349999999992
2534,0.004708652148322542,51.739258387286554,0.3195997645673926,0.32548557975279574,1.5510204081632653,0.1921510970368695,0.3761035903472631,5.956439393939394,32930.320150659136,63000.0,2008.0,1999.0,1598.0,2826.0,2.0,6.899999999999977,1791.7,10547.579999999976,1130.3,2172.6,1.5662154208357857,3.0,3.5,6.0,539000.0,902950.0,1960.0,1910.9,5.326074161271336,1.0,918.0,9314.124999999984,390.45,1198.5774999999999
2546,0.006539664486778504,52.34404321865236,0.33494455501848164,0.30992323002558997,1.6227642276422765,0.2070650574035914,0.3869775376741541,5.771271729185727,34700.90909090909,65000.0,2009.0,1997.0,1598.0,2979.0,2.0,6.0,1760.175,10601.7925,1159.75,2421.0099999999984,1.4071651976116009,3.0,4.0,6.0,557000.0,1047649.9999999998,1968.0,1920.0,5.535968154677282,1.0,987.1,11073.05,380.8,1108.6950000000002
2581,0.005249343832020997,49.75249343832024,0.22703412073490814,0.2679790026246719,1.5769805680119582,0.20973246724650446,0.3821522309711286,5.786706349206349,33999.02152641879,67000.0,2010.0,1999.0,1598.0,2979.0,2.0,5.0,1625.525,8571.15,1052.35,2139.85,1.7330708661417322,3.0,3.5,5.5,567000.0,1070000.0,1931.5,1899.0,6.066141732283465,1.0,980.0,8451.34999999999,402.725,1201.8299999999997
2601,0.0015151515151515152,49.810606060606005,0.3042929292929293,0.275,1.6591865357643758,0.23716835359645444,0.3883838383838384,5.793103448275862,32879.93138936535,64000.0,2010.0,1998.0,1598.0,2792.0,2.0,6.0,1547.9,10210.985,1074.5,2220.0300000000007,1.7654040404040403,4.0,3.5,6.0,619000.0,1394000.0,1953.0,1900.0,5.8143939393939394,1.0,1155.9,10000.0,401.85,1335.0649999999996
2701,0.010441601320676846,51.4061494015682,0.14044572843582337,0.20540652084193148,1.5976573938506589,0.14168182110550412,0.46376392901361946,6.039974884889075,36077.20891824938,70000.0,2009.0,1995.0,1598.0,2995.0,2.0,6.0,1529.35,9205.0,1042.75,2129.3750000000005,1.7336359884440775,4.0,3.0,5.5,615000.0,1417699.9999999998,1932.0,1876.0,6.856541477507222,1.0,1022.525,7900.0,379.6,1184.8400000000006
2703,0.0034494653328734047,58.12625043118328,0.31528113142462916,0.20075888237323214,1.657992565055762,0.13874132567599903,0.41186616074508453,6.2191142191142195,37746.23406720741,71000.0,2010.0,1997.0,1796.0,2993.0,2.0,6.0,1810.15,12360.119999999999,1117.4,2298.975,1.6064160055191445,4.0,4.0,6.0,628000.0,1423399.9999999998,1957.0,1912.0,4.804760262159365,1.0,1259.0,10871.179999999998,494.475,1754.4125
2761,0.003995433789954338,54.744292237443005,0.3761415525114155,0.1934931506849315,1.6189024390243902,0.1720345640219953,0.3601598173515982,5.9523809523809526,36114.44921316166,69000.0,2010.0,1997.0,1794.0,2996.8,2.0,6.0,1767.2,9443.849999999999,1161.4,2259.499999999999,1.856164383561644,4.0,4.5,6.5,542000.0,995200.0,1975.0,1911.2,4.458904109589041,1.0,1197.425,7076.282499999998,466.4,1050.4
2762,0.0030853616729516627,52.66026739801168,0.24922865958176207,0.1820363387041481,1.5648148148148149,0.14095192075380528,0.4134384641755228,6.003508771929824,35578.21552723059,69000.0,2010.0,1997.0,1686.0,2987.0,2.0,6.0,1555.2,8898.939999999997,1092.7,2227.8849999999998,1.660610215975317,4.0,3.5,6.0,567000.0,1179499.9999999998,1962.0,1884.75,5.627699691463833,1.0,1105.0,8693.064999999986,448.67499999999995,1052.5374999999997
2763,0.0030698388334612432,57.180353031465756,0.34919416730621644,0.15272448196469685,1.6278195488721805,0.14030365026380962,0.4274750575594781,5.850666666666666,40700.7874015748,82000.0,2010.0,1999.0,1796.0,3494.7499999999995,2.0,6.0,1596.675,12097.944999999976,1157.0,2328.4599999999987,1.6768994627782041,4.0,4.0,6.5,613000.0,1457499.9999999998,1976.0,1891.6,4.989255564082885,1.0,956.55,10414.999999999998,477.5,1348.3950000000002
2765,0.0021920210434020165,55.4423498465585,0.3542306006137659,0.1819377466023674,1.6240601503759398,0.14820349554934703,0.4099079351161771,5.839887640449438,41440.55944055944,86000.0,2010.0,1996.0,1798.0,3181.0,2.0,6.0,1666.75,11043.6025,1148.1999999999998,2711.499999999999,1.9083735203857957,4.0,4.0,6.5,635500.0,1546949.9999999998,1971.0,1890.0,5.134590092064884,1.0,1169.0,11939.120000000004,480.15,1415.7849999999999
2766,0.0074119827053736875,55.17109326744912,0.13712168004941322,0.1778875849289685,1.6072874493927125,0.1546470532046996,0.3983940704138357,5.892018779342723,33651.16279069767,63549.999999999956,2010.0,1998.45,1598.0,2987.0,2.0,6.0,1896.8,9843.639999999996,1071.1999999999998,1888.9099999999996,1.7924644842495367,3.0,3.5,5.5,480000.0,1040299.999999999,1937.5,1900.0,6.773316862260654,1.0,998.0,6367.509999999997,402.725,913.5999999999999
2769,0.007259528130671506,52.43799153055056,0.3103448275862069,0.19177253478523895,1.5981012658227849,0.13639739252413566,0.3956442831215971,5.925925925925926,35597.30250481696,67000.0,2010.0,1995.0,1598.0,2995.0,2.0,6.199999999999989,1669.375,8062.267499999995,1078.65,2176.87,1.7610405323653961,4.0,4.0,6.0,508000.0,1087000.0,1966.0,1906.5,5.214156079854809,1.0,1295.0,11708.0625,450.775,1159.824999999999
2770,0.0022018348623853213,54.500183486238484,0.3398165137614679,0.1944954128440367,1.5989208633093526,0.15375500761722055,0.3871559633027523,5.9749430523918,36497.17514124294,71000.0,2010.0,1996.3,1699.0,2994.3999999999996,2.0,6.0,1661.2,10804.199999999992,1071.0,2311.3699999999985,1.7273394495412844,4.0,4.0,6.0,566000.0,1243499.9999999998,1976.0,1916.4,4.761834862385321,1.0,1149.1,6719.480000000004,445.375,1052.0625
2829,0.006802721088435374,53.66817838246402,0.32464096749811033,0.24074074074074073,1.69120654396728,0.18702290076335878,0.3741496598639456,5.890642615558061,36536.91275167785,70000.0,2010.0,1998.0,1598.0,2979.0,2.0,6.0,2041.2,9982.939999999997,1111.1,2197.55,1.6455026455026456,4.0,4.0,6.5,567500.0,1274749.9999999998,1970.0,1890.0,5.035525321239607,1.0,999.0,7601.820000000002,475.875,1184.167499999999
2831,0.00474158368895211,53.10146989094346,0.3110478899952584,0.25367472735893787,1.5555555555555556,0.13056398192286262,0.3712660028449502,6.106534090909091,36786.216596343176,70500.0,2010.0,1998.0,1796.0,2984.75,2.0,5.0,1620.15,9466.604999999998,1127.9,2316.0,1.6965386439070649,4.0,3.5,6.0,539000.0,934000.0,1976.5,1904.0,4.997629208155524,1.0,953.45,8733.139999999998,446.5,1041.235
2937,0.00812407680945347,56.51107828655836,0.3412112259970458,0.20531757754800592,1.695,0.130104737196118,0.39217134416543575,6.163461538461538,36245.23809523809,69049.99999999996,2009.0,1998.0,1781.0,2987.0,2.0,5.75,1689.25,11220.255,1032.6,2096.6,1.759231905465288,4.0,4.0,6.0,527000.0,1023500.0,1950.0,1910.0,5.208271787296898,1.0,995.575,9283.209999999997,408.1,1136.12
2939,0.004346182917611489,54.96504157218442,0.35941043083900226,0.1764928193499622,1.6162657502863689,0.1463981409759876,0.40967498110355255,5.833553500660502,36304.91803278688,73000.0,2009.0,1995.0,1609.0,2987.0,2.0,6.0,1443.75,9692.475,1040.4,2172.54,1.837490551776266,4.0,4.0,6.5,548000.0,1088800.0000000007,1960.0,1900.0,5.281934996220711,1.0,950.0,8088.139999999987,414.45,1205.3799999999999
3001,0.00840122199592668,48.84597759674125,0.2914969450101833,0.1794806517311609,1.714898177920686,0.24971392244119517,0.3902749490835031,5.887534626038781,35706.915477497256,66000.0,2010.0,1999.0,1781.0,2975.0999999999985,2.0,6.0,1756.775,9829.442499999997,1161.5,2404.3549999999996,1.4159877800407332,3.0,4.5,6.5,660000.0,1215000.0,1972.0,1860.0,5.107942973523421,1.0,889.0,6539.989999999986,435.95,1358.94
3101,0.000829646017699115,51.04397123893796,0.4297566371681416,0.1963495575221239,2.0496524329692156,1.2415450643776824,0.3418141592920354,6.091568955890564,37683.860232945095,69000.0,2010.0,1998.0,1798.0,2993.0,2.0,5.0,1760.0,10689.022499999963,1270.2,2656.7,1.3918694690265487,3.0,4.5,6.5,740000.0,1445350.0,1990.0,1920.0,3.824391592920354,1.0,1040.6,6200.0,620.275,2413.675
3203,0.003497777453909495,49.36048968884347,0.16490563287910806,0.19857174087298696,1.6218523260776783,0.18180734224506828,0.42497996065000365,5.8273770846870265,35858.03264604811,69000.0,2010.0,1999.0,1618.0,2979.0,2.0,6.0,1568.55,9032.73,1109.9,2124.5849999999996,1.4770822706405304,3.0,3.5,5.5,564500.0,1252450.0,1972.0,1900.0,6.420607738832617,1.0,844.0,6404.109999999995,366.175,1021.5274999999995
3215,0.0019973368841544607,54.43408788282295,0.19174434087882822,0.27097203728362185,1.6441441441441442,0.1596513605442177,0.4174434087882823,5.74453781512605,35489.220563847426,64899.99999999998,2009.0,1997.1,1781.0,2992.3999999999996,2.0,6.0,1610.125,10197.1775,1064.2,2229.4599999999996,1.4347536617842875,3.0,3.5,5.5,585000.0,1104199.9999999998,1965.0,1896.0,6.226364846870839,1.0,1000.0,8126.4,366.75,974.5574999999999
3251,0.005645964795748921,51.35685818664888,0.4071736964463633,0.1589173032215211,1.8530416951469584,0.5264906452176954,0.40418465626037864,6.025734081161333,35065.793780687396,66000.0,2009.0,1998.0,1781.0,2979.0,2.0,6.0,1733.9499999999998,11572.95,1145.4,2210.4000000000005,1.7849551643972101,3.0,4.5,6.5,468000.0,867149.9999999999,1983.0,1919.0,3.906343407505812,1.0,1380.9,15022.55,537.1,1451.5350000000003
3340,0.0017672304973491543,52.59631406210542,0.3054784145417824,0.1989396617015905,1.6823104693140793,0.14691046658259774,0.3834890179247665,5.952589350838804,38726.086956521736,77000.0,2011.0,1999.0,1796.0,2996.0,2.0,6.0,1854.25,12777.805,1151.8,2324.3999999999983,1.6563998990154,4.0,4.0,6.0,581000.0,1478999.9999999993,1981.0,1918.2,5.133804594799293,1.0,1036.4,7048.84,449.5,1311.2199999999998
3402,0.002770083102493075,52.024469067405334,0.41228070175438597,0.19621421975992612,1.7771836007130124,0.20618752974773918,0.3605724838411819,5.881974248927039,35556.14406779661,66000.0,2010.0,1999.0,1598.0,2985.7999999999997,2.0,6.0,1789.625,11052.937499999995,1086.6,2155.899999999999,1.6195752539242845,3.0,4.5,6.5,518000.0,936649.9999999995,1976.0,1893.1,4.762234533702678,1.0,1067.05,6676.28000000001,475.0,1259.905
3408,0.0021213406873143827,52.06873143826897,0.4628765379719983,0.16885871871022487,1.7673076923076922,0.1839107365792759,0.3534153585065762,5.862419205909511,35244.014732965006,65750.0,2010.0,1999.0,1757.0,2987.0,2.0,6.0,2010.0,12167.400000000001,1188.4,2322.5300000000007,1.49851506151888,3.0,4.5,6.5,480000.0,797900.0,1980.0,1900.0,3.6847687738650827,1.0,1000.0,6631.599999999986,529.8,1270.9149999999993
3427,0.002440214738897023,51.93435822352376,0.299170326988775,0.19716935090287946,1.6751269035532994,0.17254010357458632,0.3914104441190825,5.98405885959534,37419.15802318487,75099.99999999991,2010.0,1999.0,1618.0,2993.0,2.0,6.0,1772.25,10291.634999999998,1110.1,2369.8599999999997,1.5439238653001464,4.0,4.0,6.5,529000.0,1065399.9999999986,1980.0,1900.0,5.018545632015617,1.0,1031.4,9393.6,429.95,1260.08
3443,0.0023370553103090105,50.89639054790973,0.29966242534406645,0.14957153985977667,1.683574879227053,0.21329271669897534,0.386652817450013,6.002484472049689,35417.33251382913,63000.0,2010.0,1999.0,1685.0,2979.0,2.0,5.0,1648.05,10134.9625,1126.3,2245.1499999999996,1.6413918462736952,4.0,4.5,6.5,537000.0,992000.0,1981.0,1910.0,4.898467930407686,1.0,974.3,7301.689999999991,430.7,1152.375
3787,0.0,54.848758465011315,0.28555304740406323,0.309255079006772,1.5616438356164384,0.1742722265932337,0.4142212189616253,5.976415094339623,51834.49883449884,135399.99999999985,2009.0,1995.4,1984.0,4168.4,2.0,6.0,2215.5,15700.229999999994,1404.6,3764.399999999998,1.6218961625282167,4.0,3.5,6.0,640000.0,8215399.999999997,1987.0,1895.0,4.713318284424379,1.0,1058.5,14641.934999999989,460.8,2089.895
3851,0.002909090909090909,52.46181818181822,0.27345454545454545,0.21963636363636363,1.575221238938053,0.12432188065099457,0.36363636363636365,6.239740820734341,41959.915611814344,77699.99999999993,2010.0,1998.65,1968.0,2993.0,2.0,6.0,1747.625,9922.1625,1207.65,2305.6549999999997,1.514181818181818,4.0,3.5,5.5,700500.0,1513950.0,1979.0,1699.9,5.151272727272727,1.0,800.0,6486.039999999998,428.65,1401.0874999999974
3901,0.001600284495021337,51.30387624466562,0.22297297297297297,0.2071479374110953,1.6083690987124464,0.16123853211009173,0.38051209103840683,6.1751946607341495,39018.66081229418,72000.0,2010.0,1998.0,1956.0,2993.0,2.0,6.0,1565.35,9562.279999999999,1143.15,2284.4949999999994,1.5316500711237553,3.0,3.5,5.5,606000.0,1354000.0,1973.0,1900.0,5.447190611664296,1.0,991.45,7698.8325,396.95,1203.6
3921,0.0,52.301564722617286,0.32574679943101,0.16500711237553342,1.673913043478261,0.21839080459770116,0.32432432432432434,6.209737827715355,39485.18518518518,74000.0,2010.0,1998.0,1968.0,2993.0,2.0,5.0,1354.4,9426.460000000001,1275.6,2299.9,1.6571834992887624,3.0,3.75,6.0,550000.0,988000.0,1972.0,1747.0,4.51778093883357,1.0,970.025,15830.0,446.525,1270.6
4001,0.0006758278891642261,50.88961477810312,0.29421040774949314,0.26379815273710294,1.6671664167916043,0.21101920517208594,0.374633926560036,5.833804809052334,37865.870786516854,75000.0,2010.0,1998.0,1781.0,2993.0,2.0,6.0,1539.55,12082.769999999997,1135.15,2542.694999999997,1.554629421040775,3.0,3.5,6.0,650000.0,1382000.0,1960.0,1902.1,5.440639783735075,1.0,966.675,6611.092499999998,419.825,1140.9999999999977
4003,0.0,51.0610221205186,0.3905415713196034,0.2784134248665141,1.648936170212766,0.10462054105817573,0.38367658276125094,6.02020202020202,36275.100401606425,68149.99999999997,2010.0,1999.0,1618.0,2976.6,2.0,6.0,1629.35,8472.925,1164.0500000000002,2396.6199999999994,1.6712433257055683,4.0,4.0,6.5,586000.0,1139050.0,1960.0,1910.8,4.581235697940503,1.0,994.0,11583.837500000001,442.725,1035.1599999999999
4012,0.0,53.06381660470879,0.4070631970260223,0.31784386617100374,1.7309941520467835,0.16156156156156157,0.3798017348203222,5.936482084690554,35468.29268292683,68000.0,2010.0,1997.0,1598.0,2976.0,2.0,6.0,1596.75,9182.760000000004,1140.5,2348.5,1.2032218091697646,3.0,4.0,6.0,556500.0,1074349.9999999995,1983.0,1938.8,3.9913258983890954,1.0,1070.25,7529.8,437.25,964.3849999999999
4021,0.000992063492063492,48.62070105820112,0.3230820105820106,0.2771164021164021,1.5860113421550095,0.157319737800437,0.3776455026455027,5.8204833141542,38904.545454545456,75049.99999999996,2010.0,1999.0,1796.0,2993.0,2.0,6.0,1641.175,10104.817499999986,1173.5,2331.4,1.7728174603174602,4.0,3.5,6.0,670000.0,1715000.0,1980.0,1900.0,5.242724867724868,1.0,1014.4749999999999,6775.699999999996,426.45,1051.9599999999998
4040,0.002824858757062147,52.01600753295679,0.2024482109227872,0.339924670433145,1.51131221719457,0.09209955771398838,0.3644067796610169,6.058988764044944,37166.666666666664,69750.0,2010.0,1998.0,1787.5,2987.0,2.0,6.0,2057.4,12353.65,1162.7,2250.45,1.5169491525423728,3.0,3.5,5.5,583000.0,1137700.0000000002,1981.0,1914.0,5.515065913370998,1.0,1000.0,7249.374999999998,395.85,829.115
4045,0.0010993037742762918,53.400513008428106,0.32869182850861123,0.23671674606082815,1.6797385620915033,0.13289505721938155,0.38182484426529867,6.1450839328537175,38070.07125890737,73949.99999999993,2010.0,1999.0,1795.0,2993.0,2.0,6.0,1695.9,10979.327499999996,1129.7,2587.12,1.73616709417369,4.0,4.0,6.0,628000.0,1248000.0,1963.0,1904.0,5.0014657383657015,1.0,1115.8,9055.280000000002,434.2,1075.4799999999989
4082,0.0028517110266159697,53.58982889733829,0.36311787072243346,0.24287072243346008,1.5921375921375922,0.13296258847320525,0.37214828897338403,5.781908302354399,36306.84596577017,71000.0,2010.0,1997.0,1762.0,2993.0,2.0,5.0,1545.675,9304.87249999997,1164.1,2316.5,1.6611216730038023,4.0,4.5,6.5,601000.0,1094500.0000000005,1985.0,1917.5,4.011882129277566,1.0,1046.0,8086.4,452.6,1103.1299999999994
4095,0.003767491926803014,55.283638320775026,0.36598493003229277,0.19967707212055974,1.6842105263157894,0.16583363084612637,0.36490850376749195,6.179347826086956,34935.48387096774,65000.0,2010.0,1998.0,1598.0,2967.9999999999995,2.0,5.0,1652.575,9113.6625,1123.1,2254.059999999998,1.9806243272335844,4.0,4.0,6.0,555000.0,977199.999999999,1967.0,1900.0,4.952637244348762,1.0,1144.0,6439.0,461.6,1097.7649999999999
4182,0.0,45.25541125541122,0.4329004329004329,0.24242424242424243,1.8421052631578947,0.009375,0.2987012987012987,6.009345794392523,35327.102803738315,67399.99999999997,2010.0,1999.0,1798.0,2973.2999999999997,1.0,4.0,1508.025,7035.874999999999,1130.7,2202.1299999999997,1.4112554112554112,3.0,4.5,6.0,723000.0,1378999.9999999998,1994.0,1901.8,4.238095238095238,1.0,1095.1,6868.724999999999,445.6,993.8999999999997
4201,0.0004716981132075472,50.741509433962165,0.36886792452830186,0.2528301886792453,1.7127659574468086,0.22308744606966222,0.3754716981132076,5.867007672634271,36005.0505050505,72449.99999999993,2010.0,1997.0,1685.5,2992.35,2.0,6.0,1560.75,9754.859999999993,1076.9499999999998,2403.525,1.620754716981132,3.0,4.0,6.5,590000.0,1036799.9999999995,1985.0,1911.5,5.004716981132075,1.0,849.0,8083.629999999977,436.65,1079.5999999999995
4254,0.0017398869073510222,49.50804697694639,0.38712483688560245,0.2466289691170074,1.6928104575163399,0.2106661779529002,0.355806872553284,6.134736842105263,34762.747138397506,64000.0,2010.0,2000.0,1651.5,2987.0,2.0,6.0,1472.95,9422.7,1140.5500000000002,2289.3999999999974,1.683340582862114,3.0,4.5,6.0,607000.0,1128000.0,1987.0,1925.0,4.284036537625054,1.0,1052.75,6708.219999999996,476.6,1100.01
4258,0.0052434456928838954,53.700000000000045,0.300749063670412,0.27640449438202247,1.5775510204081633,0.20019494638974283,0.3842696629213483,6.048728813559322,36524.65897166842,72000.0,2010.0,2000.0,1598.0,2987.0,2.0,6.0,1586.275,8956.8625,1134.4499999999998,2093.3149999999982,1.7191011235955056,4.0,3.5,6.0,584500.0,1353250.0,1972.0,1900.0,5.321348314606742,1.0,1008.4,7059.25,420.25,1129.25
4280,0.003017241379310345,49.76551724137926,0.36810344827586206,0.2646551724137931,1.7240663900414939,0.17171193842054622,0.3577586206896552,5.884254431699687,35137.53877973113,64699.999999999935,2010.0,1999.35,1598.0,2967.0,2.0,6.0,2181.05,10718.94000000001,1157.25,2218.12,1.7788793103448275,3.0,4.0,6.5,611000.0,1102000.0,1967.0,1900.0,4.29698275862069,1.0,1466.3,20295.49999999993,434.5,1054.9199999999998
4289,0.00266844563042028,49.89593062041354,0.35456971314209473,0.21747831887925284,1.7255244755244756,0.2593425605536332,0.3552368245496998,5.75625,35586.93733451015,69399.99999999987,2010.0,1997.6,1598.0,2987.0,2.0,6.0,2102.95,13861.390000000005,1121.7,2253.8399999999997,1.8875917278185457,4.0,4.0,6.5,652500.0,1325500.0,1960.0,1874.6,5.127751834556371,1.0,1698.8,19991.7,424.67499999999995,1135.7924999999996
4401,0.011394891944990177,51.383889980353615,0.2770137524557957,0.33084479371316305,1.5908183632734532,0.5324267782426778,0.3886051080550098,5.8248756218905475,36435.64356435643,71000.0,2010.0,1998.0,1679.0,2993.0,2.0,6.0,1986.225,11226.18499999999,1188.8,2451.4,1.5100196463654223,3.0,4.0,6.5,600000.0,1103000.0,1981.0,1900.0,5.080943025540275,1.0,1098.0,9218.95,394.025,1172.55
4436,0.004545454545454545,52.13352272727275,0.32727272727272727,0.25795454545454544,1.587467362924282,0.16291770804406183,0.37613636363636366,5.80551724137931,34356.74931129476,67750.0,2009.0,1997.0,1598.0,2973.75,2.0,6.0,1637.15,10955.174999999961,1081.75,2199.5499999999993,1.4477272727272728,3.0,4.5,6.5,578000.0,1041199.9999999998,1980.0,1899.0,4.84375,1.0,1200.0,11043.100000000004,414.3,1114.6
4461,0.0029083294555607257,51.64483480688682,0.3744765006979991,0.27326663564448583,1.744817374136229,0.644088116289525,0.3821544904606794,5.670278637770898,33558.205128205125,63000.0,2009.0,1998.0,1598.0,2967.0,2.0,5.0,1452.15,10141.55,1092.4,2244.3999999999996,1.5326896230805025,3.0,4.5,6.5,577000.0,999000.0,1981.0,1900.0,4.386924150767799,1.0,1041.9,9225.807499999963,451.8,1270.1599999999994
4566,0.005921539600296077,51.766345916604905,0.308413520848754,0.19393042190969653,1.617283950617284,0.32166666666666666,0.41179373303725636,5.748579545454546,34504.207573632535,66000.0,2010.0,1998.0,1598.0,2967.0,2.0,5.0,1506.75,8918.85,1112.4,2134.8,1.5020972119417715,3.0,4.0,6.5,572000.0,1154000.0,1981.0,1900.0,5.152973106340982,1.0,897.8,5757.599999999995,417.575,1241.65
4671,0.0024457352491592784,52.4179150107002,0.3191684500152858,0.37542036074594926,1.6157894736842104,0.1517161410018553,0.4087435035157444,5.849250197316496,37749.60998439937,74000.0,2010.0,1997.0,1795.0,2993.0,2.0,6.0,1590.425,10858.037499999999,1153.55,2433.455,1.4179150107000917,3.0,3.5,6.5,560000.0,1109000.0,1980.0,1900.0,4.765209416080709,1.0,1048.0,7703.279999999989,411.525,1160.9575
4946,0.005380200860832138,51.2374461979914,0.3748206599713056,0.21197991391678622,1.7341549295774648,0.2469879518072289,0.3744619799139168,5.8431372549019605,34906.360424028266,68000.0,2010.0,1998.0,1598.0,2977.5,2.0,6.0,1503.6,10960.034999999994,1119.2,2139.94,1.8407460545193688,4.0,4.0,6.0,625000.0,1247500.0,1979.0,1899.0,4.880559540889527,1.0,1172.5,10019.345000000005,453.1,1339.1625
5002,0.00169548999660902,54.11664971176674,0.3982706002034588,0.2449983045100034,1.5639013452914798,0.13747931283653061,0.3989487962021024,5.92609182530795,32585.84729981378,60000.0,2011.0,1999.0,1586.0,2494.0,2.0,7.0,2997.125,14930.299999999996,1256.5,2462.340000000001,0.7221091895557816,2.0,4.0,6.0,535000.0,1100899.9999999998,1984.5,1900.0,3.524245506951509,1.0,1432.95,10479.144999999999,460.4,1899.8349999999998
5113,0.0033497096918267085,56.957570343903626,0.2702099151406878,0.24207235372934346,1.5604651162790697,0.27775710209651405,0.4551138901295221,5.814599483204135,33004.47570332481,67849.99999999991,2011.0,1997.0,1499.0,2987.0,2.0,6.0,2720.625,15794.022499999975,1194.1,2203.2,0.9207235372934346,3.0,3.5,6.0,401000.0,1367999.9999999972,1978.0,1900.0,4.887673068334077,1.0,989.5,8881.325,343.75,1557.5
5192,0.003221113881961762,56.32585203657527,0.375831255195345,0.3226309226932668,1.5715378729915839,0.15053494337733841,0.41230257689110555,5.85928303905832,36371.169730881964,75000.0,2011.0,1999.0,1598.0,2993.0,2.0,7.0,3225.05,16527.5,1241.4,2784.979999999996,0.9088736492103076,3.0,3.5,6.0,550000.0,1420600.0000000005,1982.5,1900.0,3.977763923524522,1.0,1320.0,10252.724999999997,439.65,2059.7674999999995
5250,0.010380622837370242,55.1280276816608,0.22145328719723184,0.36562860438292966,1.4482758620689655,0.10406913935902053,0.39215686274509803,5.705128205128205,30717.557251908398,58399.99999999998,2011.0,1997.0,1497.0,2199.0,2.0,6.199999999999989,2136.9,12525.262499999999,1051.6,2215.0599999999995,0.7773933102652826,2.0,3.5,6.0,600000.0,1339499.9999999977,1986.0,1950.85,4.341407151095733,1.0,1135.0,11518.547499999977,363.7,1411.4
5254,0.0024342745861733205,56.51217137293088,0.44644595910418694,0.2667964946445959,1.4844961240310077,0.13593646591661152,0.3870496592015579,5.673913043478261,31784.94623655914,60000.0,2011.0,1999.0,1498.0,2477.0,2.0,7.0,3400.3,14631.139999999994,1138.6999999999998,2530.6849999999995,0.8334956183057449,3.0,4.0,6.5,605000.0,1334300.000000001,1985.0,1900.0,3.497078870496592,1.0,1351.0,11039.865,463.0,2015.7399999999998
5401,0.0,49.154471544715534,0.23252032520325203,0.3008130081300813,1.7266666666666666,0.06174078907740187,0.3967479674796748,6.177606177606178,33073.359073359075,60199.999999999985,2010.0,1998.9,1598.0,2520.8499999999963,2.0,5.449999999999989,1968.45,11028.10999999999,1114.1,2387.3399999999997,1.0260162601626017,3.0,3.5,6.0,554000.0,1123000.0,1980.0,1794.6,4.7560975609756095,1.0,1048.0,11052.709999999997,334.6,1005.03
5583,0.0029940119760479044,50.16467065868255,0.26646706586826346,0.3532934131736527,1.5737704918032787,0.04244503748888042,0.344311377245509,5.935483870967742,37269.230769230766,79750.0,2010.0,2000.0,1598.0,2993.5,2.0,6.0,2025.0,10509.55,1231.45,2443.0,1.3293413173652695,3.0,3.5,6.5,650000.0,1168799.9999999998,1985.0,1933.5,3.9221556886227544,1.0,1741.5,9294.099999999999,361.15,1308.45
5586,0.0053877960155369,47.33141210374629,0.11101365743641148,0.30785615837614333,1.5477911646586346,0.057913068717799866,0.44693647412604937,6.117782909930716,34172.58495609011,64000.0,2010.0,1999.0,1598.0,2920.8000000000047,2.0,7.0,1953.2,11130.25,1135.8,2285.2700000000004,1.5936599423631124,3.0,3.0,5.5,594000.0,1676800.0,1973.5,1890.0,5.797143215135947,1.0,1000.0,9373.257499999996,320.32500000000005,946.3
5589,0.004098360655737705,49.30191256830608,0.1912568306010929,0.32650273224043713,1.5213675213675213,0.06068142253170853,0.4057377049180328,5.702898550724638,32300.72463768116,67000.0,2010.0,1997.8,1590.0,2818.7999999999984,2.0,7.0,2592.0,12406.35,1165.1,2794.879999999999,1.5819672131147542,3.0,3.0,6.0,641000.0,2781000.0,1983.0,1911.0,5.189890710382514,1.0,1026.6,10789.269999999988,342.5,1281.3400000000004
5590,0.0008613264427217916,55.40310077519371,0.2540913006029285,0.2678725236864772,1.6149732620320856,0.06460048965056756,0.4272179155900086,5.967828418230563,39005.29100529101,81149.99999999997,2011.0,1999.85,1598.0,3024.2999999999956,2.0,6.0,2273.75,9133.75,1315.0,2921.48,1.6554694229112834,4.0,3.5,6.5,644000.0,1856000.0,1970.0,1907.5,5.04823428079242,1.0,1116.0,13248.419999999995,402.85,1431.7099999999998
5591,0.0033259423503325942,47.36696230598659,0.12749445676274945,0.38470066518847007,1.4565217391304348,0.043950689470350336,0.3835920177383592,6.120786516853933,33891.36490250696,59099.99999999996,2010.0,1999.0,1598.0,2669.6999999999953,2.0,7.0,2004.95,12637.079999999998,1234.7,2375.1699999999973,1.3902439024390243,3.0,3.0,5.924999999999983,538000.0,973799.9999999986,1981.5,1905.15,5.036585365853658,1.0,989.35,9986.799999999996,313.35,827.6399999999999
5624,0.0069124423963133645,50.05760368663596,0.23963133640552994,0.30414746543778803,1.5368421052631578,0.052491533623609095,0.4032258064516129,5.863354037267081,33493.90243902439,61549.999999999985,2010.5,2000.15,1598.0,2494.0,2.0,8.0,2348.15,7102.230000000001,1301.7,2347.959999999999,1.6036866359447004,4.0,3.5,6.0,521000.0,940799.9999999997,1980.5,1920.45,4.755760368663594,1.0,868.75,7587.79999999999,378.625,948.8324999999992
5635,0.0016891891891891893,48.3327702702702,0.17398648648648649,0.34290540540540543,1.5204081632653061,0.04796629395559877,0.40371621621621623,5.943478260869565,34824.03433476395,61000.0,2010.0,2000.0,1598.0,2616.599999999993,2.0,8.0,1843.8,12847.159999999996,1287.7,2136.179999999998,1.4442567567567568,3.0,3.5,5.5,613000.0,1742799.9999999995,1980.5,1924.2,4.802364864864865,1.0,1195.85,8320.0,347.1,990.2899999999994
5642,0.001075268817204301,51.01397849462364,0.1774193548387097,0.2709677419354839,1.6385542168674698,0.058531059223362075,0.443010752688172,5.975155279503106,33625.386996904024,63499.99999999988,2011.0,2001.0,1596.0,2494.0,2.0,6.75,1964.6,11089.572499999997,1222.9,2536.7399999999966,1.8451612903225807,4.0,3.5,6.0,543000.0,1136000.0,1972.0,1824.6,5.835483870967742,1.0,1042.35,10240.914999999997,359.0,927.0150000000001
5721,0.006745362563237774,46.46711635750421,0.2622259696458685,0.2917369308600337,1.6160458452722064,0.09125182734477187,0.418212478920742,6.22108843537415,34677.96610169492,64000.0,2011.0,2001.0,1598.0,2961.4000000000005,2.0,6.149999999999977,2382.55,13312.129999999994,1227.25,2363.8349999999996,1.636593591905565,3.0,3.5,6.0,626000.0,995550.0,1996.0,1954.0,4.45362563237774,1.0,948.0,8870.489999999982,416.875,1147.5974999999999
5724,0.005820721769499418,49.658323632130305,0.19732246798603026,0.3020954598370198,1.5251256281407035,0.08474743488555643,0.41734575087310827,6.098748261474269,36290.27777777778,70049.99999999996,2011.0,2000.0,1598.0,2967.999999999999,2.0,7.0,2750.55,14640.025,1263.3,2469.58,1.7863795110593714,4.0,3.5,5.5,579000.0,1428500.0,1987.0,1900.0,5.253783469150175,1.0,1164.55,8541.0875,394.9,1093.04
5822,0.0064794816414686825,47.83909287257029,0.25377969762419006,0.2386609071274298,1.6192468619246863,0.09761754164031204,0.3952483801295896,6.113456464379947,31485.714285714286,57000.0,2010.0,2000.0,1587.0,2305.399999999996,2.0,6.0,1689.25,9000.699999999999,1242.1,2703.279999999996,1.4924406047516199,3.0,3.5,6.0,561000.0,1168099.9999999993,1986.0,1904.9,5.10475161987041,1.0,1210.975,9983.6875,397.675,1149.1525000000001
5886,0.005244755244755245,54.56643356643349,0.26267482517482516,0.29895104895104896,1.5436619718309859,0.08592136392654624,0.44667832167832167,5.946043165467626,39776.59574468085,87000.0,2010.0,1997.0,1796.0,2997.65,2.0,6.0,2080.15,10025.154999999995,1166.9,2809.7299999999996,1.3868006993006994,4.0,3.5,6.5,708000.0,2033000.0,1970.0,1860.0,5.161276223776224,1.0,1073.9,11748.359999999986,344.55,1295.4
5889,0.012295081967213115,53.62704918032796,0.2691256830601093,0.21311475409836064,1.5297619047619047,0.06282183316168898,0.4453551912568306,5.986159169550173,33505.154639175256,68000.0,2011.0,2000.0,1560.0,2400.0,2.0,5.0,1467.55,10328.859999999997,1197.0,2688.8599999999997,1.290983606557377,3.0,3.5,6.0,673000.0,1511150.0,1980.0,1888.0,5.129781420765028,1.0,905.225,9067.972499999993,380.85,1254.6324999999997
5890,0.007778738115816767,48.56179775280907,0.12618841832324978,0.29818496110630943,1.6061946902654867,0.05849342770475228,0.4857389801210026,5.809876543209876,32358.72235872236,61699.999999999985,2010.0,2000.0,1598.0,2612.199999999999,2.0,7.0,1725.525,15955.224999999999,1135.5,2266.96,1.2869490060501296,3.0,3.0,5.5,585000.0,1343249.9999999998,1958.0,1846.0,6.005185825410544,1.0,878.0,7530.809999999999,317.65,805.129999999998
5938,0.009583333333333333,48.72375000000011,0.1975,0.32125,1.6628099173553719,0.08006138039163359,0.4170833333333333,5.953907815631262,32267.13008937438,59000.0,2010.0,1999.0,1596.0,2495.65,2.0,6.5,2115.775,11784.957499999995,1245.1,2344.1449999999995,1.6420833333333333,4.0,3.5,6.0,581000.0,1096600.0,1980.0,1916.75,5.354583333333333,1.0,1025.0,7250.0,362.05,1017.4299999999996
6002,0.004441812259401836,55.13266212614758,0.4053893988747409,0.16168196624222683,1.7147385103011092,0.2566499468004256,0.3402428190701806,6.412931034482758,40526.54109589041,73649.99999999987,2009.0,1998.35,1968.0,3189.0,2.0,5.0,1717.85,12369.75,1053.1999999999998,2296.9,1.2783535682558484,3.0,4.5,6.0,484000.0,1021000.0,1981.0,1800.0,4.769618004145691,1.0,1340.45,14000.0,466.5,1871.3
6136,0.0006574621959237344,51.35568704799471,0.4174884944115713,0.22419460880999342,1.646341463414634,0.08450938993221468,0.4260355029585799,5.896907216494846,33715.7464212679,61000.0,2010.0,1999.0,1598.0,2665.3999999999905,2.0,6.0,2062.575,15283.469999999985,1192.4,2465.4199999999983,1.643655489809336,4.0,3.5,6.0,500000.0,1305399.9999999998,1982.0,1906.05,4.85733070348455,1.0,1077.0,11088.470000000003,467.95,2289.9974999999995
6153,0.006340057636887608,52.68645533141216,0.37175792507204614,0.2570605187319885,1.6981132075471699,0.19746201559210153,0.4282420749279539,5.877329192546584,34656.34674922601,65000.0,2009.0,1999.0,1598.0,2967.0,2.0,6.0,1983.0749999999998,10591.050000000001,1201.4,2402.6,1.0507204610951009,3.0,3.5,5.5,550000.0,1040000.0,1983.0,1927.55,4.813256484149856,1.0,966.25,8669.144999999997,417.95000000000005,1838.35
6248,0.003589375448671931,55.56245513280692,0.477745872218234,0.2383345297918162,1.6121495327102804,0.16566569542724624,0.40344580043072503,6.066326530612245,34965.58704453441,69000.0,2009.0,1998.0,1598.0,2967.0,2.0,5.0,1704.05,11934.859999999999,1211.45,2485.2949999999996,1.4673366834170853,3.0,3.5,6.0,476000.0,1051200.0,1970.0,1900.0,4.291816223977028,1.0,1088.9,16915.0,474.4,2002.5249999999996
6266,0.004114230396902226,54.14254598257503,0.48451113262342693,0.19530493707647628,1.7563249001331558,0.12028061595784939,0.40924491771539206,6.052432090966519,35396.85534591195,70099.99999999991,2009.0,1998.0,1598.0,2979.0,2.0,6.0,1965.65,12065.1,1185.8,2443.0999999999985,1.431026137463698,3.0,4.0,6.5,500000.0,1069550.0,1980.0,1900.0,3.924975798644724,1.0,1207.5,11084.55,501.85,2196.9625
6297,0.002306805074971165,54.78200692041514,0.4186851211072664,0.18108419838523646,1.7014925373134329,0.22443696608853222,0.33794694348327564,6.1208791208791204,39666.666666666664,74449.99999999993,2008.0,1998.0,1968.0,2996.15,2.0,5.0,1796.175,11535.539999999952,1230.5,2322.285,1.3264129181084199,3.0,4.0,6.0,384000.0,1037350.0,1980.0,1840.0,4.279123414071511,1.0,1002.7,9600.95,457.65,1830.6999999999996
6300,0.0018484288354898336,50.275415896488084,0.3179297597042514,0.14602587800369685,1.7857142857142858,0.09467973398669934,0.37707948243992606,6.929133858267717,51061.53846153846,94100.0,2010.0,2000.0,1995.0,3900.0999999999995,2.0,5.0,2564.1000000000004,11838.85499999999,1406.0,2506.8199999999997,1.2476894639556377,3.0,2.5,6.8999999999999915,420000.0,1530599.9999999995,1987.5,1948.65,5.55822550831793,1.0,1156.95,7191.437499999998,414.95,2013.4649999999992
6412,0.007763975155279503,54.83229813664593,0.26242236024844723,0.21428571428571427,1.4653465346534653,0.10867364157948026,0.4642857142857143,5.878787878787879,32537.688442211056,59000.0,2011.0,1998.9,1597.0,2452.5999999999995,2.0,7.349999999999994,2596.45,9771.959999999995,1256.8,2309.0699999999993,1.5357142857142858,3.0,3.5,5.5,624000.0,1299200.0,1951.0,1902.0,5.751552795031056,1.0,826.2,8300.149999999998,435.425,1262.7774999999992
6421,0.014565677966101694,53.617673022598865,0.243555790960452,0.17593573446327684,1.6283934134401423,0.2907224432182728,0.4395303672316384,5.911472228959496,31881.015082595164,58000.0,2011.0,1999.0,1595.0,2461.0,2.0,8.0,2627.2,12756.4,1339.3,2509.2999999999997,1.6622528248587571,3.0,3.5,6.0,600000.0,1461000.0,1960.0,1900.0,5.9496822033898304,1.0,937.65,9100.95,415.05,1208.25
6436,0.016520392359318535,55.953536396489426,0.2973670624677336,0.1874032008260196,1.6105769230769231,0.5569826512029138,0.4068146618482189,6.07579185520362,30193.47581552306,54000.0,2011.0,1999.0,1586.0,2400.0,2.0,7.0,2409.5,12415.25,1388.6999999999998,2428.7,1.6592669075890552,3.0,4.0,6.0,573000.0,1184000.0,1956.5,1902.0,6.049561177077956,1.0,1000.0,9690.35,435.9,1205.5
6458,0.009448416751787538,52.5658835546476,0.1843718079673136,0.21475995914198162,1.5949895615866387,0.11595404477081606,0.45914198161389175,5.846483704974271,31977.04081632653,56000.0,2010.0,1999.0,1587.0,2497.2,2.0,7.0,2488.5,11430.4675,1184.8,2237.0099999999993,1.7474463738508683,4.0,3.5,5.5,654000.0,1638449.9999999998,1950.0,1880.0,6.199948927477017,1.0,1051.5,9962.525,417.1,1151.037499999998
6608,0.009916492693110648,51.06889352818371,0.08977035490605428,0.35803757828810023,1.5358361774744027,0.08761660874336931,0.453027139874739,6.121153846153846,34183.55640535373,64799.999999999956,2008.0,1995.0,1598.0,2967.0,2.0,7.0,2414.0,13072.58999999999,1113.0,2265.8,1.3914405010438413,3.0,3.0,5.0,570500.0,2000350.0,1980.0,1796.4,6.427974947807933,1.0,1228.0,9572.519999999979,369.9,1017.8199999999995
6612,0.005165289256198347,56.13842975206603,0.27169421487603307,0.28512396694214875,1.854054054054054,0.08425450430846897,0.4090909090909091,5.855153203342619,41717.45152354571,83000.0,2011.0,1999.0,1699.0,3199.0,2.0,8.0,2471.8500000000004,13844.257499999992,1295.6,3326.9,1.2975206611570247,4.0,4.0,6.5,1030000.0,3163599.9999999963,1970.5,1900.0,4.350206611570248,1.0,1776.0,17158.579999999998,550.5,3421.8
6621,0.013622500847170451,52.79281599457818,0.08261606235174516,0.35764147746526603,1.5264357338195078,0.07415355389262183,0.4545577770247374,6.0,36700.513097488525,75000.0,2009.0,1996.65,1598.0,2993.0,2.0,7.0,2390.85,13304.0675,1165.6,2397.5399999999995,1.4893934259573025,3.0,3.0,5.0,561000.0,1976799.9999999988,1970.0,1868.5,6.636123348017621,1.0,1185.425,9933.357499999982,367.725,1100.0049999999999
6623,0.008955223880597015,54.51044776119397,0.2373134328358209,0.3029850746268657,1.7163120567375887,0.05548654244306418,0.44029850746268656,6.214592274678112,35842.55319148936,67499.99999999991,2011.0,1998.0,1598.0,2723.7499999999995,2.0,5.0,2072.8,10062.584999999995,1269.5,2552.0999999999985,1.4328358208955223,3.0,4.0,6.0,713000.0,2500000.0,1990.0,1933.75,5.277611940298508,1.0,1834.15,14746.824999999995,457.95000000000005,2137.0375
6627,0.0,53.06410256410254,0.5256410256410257,0.4230769230769231,1.5,0.006798570556959819,0.3717948717948718,5.4375,30125.0,58749.999999999985,2011.0,2003.55,1588.0,1998.45,2.0,5.0,2201.85,15000.9,1177.35,2009.635,1.1282051282051282,3.0,4.0,6.0,889500.0,1951750.0,1978.0,1839.8,3.448717948717949,1.0,1551.85,6043.9299999999885,813.375,2351.2349999999997
6628,0.016124904018428463,53.91374456104427,0.14742769388277452,0.31046839006910676,1.6689734717416378,0.12340102965793878,0.406194010749936,6.262536873156342,34583.64038319823,69200.00000000004,2010.0,1997.0,1598.0,2980.7,2.0,6.0,2647.15,11124.880000000006,1164.8,2352.879999999996,1.4210391604811876,3.0,4.0,6.0,700000.0,1521000.0000000002,1985.0,1900.0,5.413104683900691,1.0,1198.95,14632.762499999999,416.2,1531.2724999999991
6630,0.015706806282722512,55.201570680628265,0.1642670157068063,0.32329842931937175,1.6,0.06630793265058149,0.3959424083769634,6.028725314183124,34454.545454545456,64000.0,2010.0,1997.05,1598.0,2952.6499999999996,2.0,5.0,2126.4,11174.537499999993,1173.1,2156.2049999999995,1.431282722513089,3.0,4.0,6.0,679000.0,1345800.0,1986.0,1901.4,5.047120418848167,1.0,1150.0,9126.264999999994,408.2,1554.3249999999998
6631,0.015465861938890985,53.978121463598654,0.14070162202942285,0.2987551867219917,1.6491525423728814,0.14082337317397078,0.42059600150886456,6.247567567567567,34551.94805194805,67000.0,2010.0,1997.0,1598.0,2980.1,2.0,6.0,2691.375,10365.550000000001,1158.15,2260.314999999997,1.4337985665786495,3.0,4.0,6.0,672500.0,1503750.0,1984.0,1900.0,5.3866465484722745,1.0,1194.0,14995.934999999987,416.175,1458.1199999999997
6633,0.009446693657219974,51.46423751686916,0.30229419703103916,0.2726045883940621,1.7280334728033473,0.07009743638255606,0.41025641025641024,6.143859649122807,35000.0,63500.0,2011.0,1997.0,1598.0,2868.25,2.0,7.0,2669.85,11722.32,1179.0,2126.78,1.4021592442645074,3.0,4.0,6.5,752500.0,1349300.0,1985.0,1915.2,4.006747638326586,1.0,1281.4,12257.322499999997,545.0,2166.55
6640,0.010889292196007259,56.39836660617061,0.3221415607985481,0.3021778584392015,1.5870445344129556,0.07924636847403999,0.4246823956442831,5.8975741239892185,35765.333333333336,71600.00000000003,2010.0,1994.75,1598.0,2993.0,2.0,7.0,2416.15,11317.850000000002,1188.05,2382.575,1.3348457350272231,3.0,4.0,6.0,830000.0,1679349.9999999998,1975.0,1936.25,4.554446460980036,1.0,1286.45,9893.5275,432.1,2079.705
6643,0.022965350523771154,54.28444802578565,0.14302981466559225,0.3640209508460919,1.6305418719211822,0.14189749306806163,0.41498791297340853,6.0476190476190474,33638.80938752146,61000.0,2008.0,1997.0,1598.0,2792.0,2.0,6.0,2686.575,14253.084999999912,1173.8,2404.6,1.241136180499597,3.0,3.0,5.5,683000.0,1330000.0,1980.0,1919.0,5.135576148267527,1.0,1300.65,9345.5,388.7,1566.2824999999975
6644,0.009719222462203024,52.914686825054105,0.25593952483801297,0.33585313174946,1.704035874439462,0.06990261946101003,0.4470842332613391,5.991869918699187,34838.709677419356,71349.99999999997,2010.0,1998.65,1598.0,2989.1,2.0,7.0,1946.825,14280.735000000002,1218.3,2714.995,1.4330453563714902,3.0,4.0,6.5,811000.0,2052949.9999999995,1984.0,1919.0,4.611231101511879,1.0,1563.475,21352.984999999982,475.25,2110.2574999999993
6645,0.012485811577752554,55.009080590238455,0.4267877412031782,0.25198637911464244,1.716279069767442,0.07637624620719549,0.38024971623155507,6.389355742296919,38958.21727019499,81000.0,2011.0,1999.0,1598.0,2993.2,2.0,5.0,2480.2,13400.449999999999,1354.7,3000.579999999999,1.3155505107832008,4.0,5.0,6.5,844500.0,1653049.9999999998,1983.5,1900.0,3.0612939841089672,1.0,1495.6,11941.71,708.425,2941.464999999999
6711,0.020294468762435337,53.14524472741732,0.3458018304814962,0.20533227218463987,1.73,0.20004776309504857,0.4341424592120971,5.943582510578279,31210.97046413502,59500.0,2011.0,1999.0,1560.0,2474.5,2.0,6.0,1918.2,11674.575,1285.7,2422.6000000000004,1.6852367688022285,3.0,4.0,6.0,509000.0,952500.0,1974.0,1900.0,5.567449263828094,1.0,1066.225,7121.635000000004,394.05,1152.6575000000003
6800,0.01422387136672851,54.158317872603675,0.40012368583797153,0.15955473098330242,1.7861111111111112,0.23516579406631763,0.41125541125541126,6.004065040650406,31502.008032128513,57000.0,2011.0,1998.0,1499.0,2468.499999999999,2.0,6.449999999999989,2298.95,10340.512499999999,1344.75,2977.014999999999,1.800247371675943,3.0,3.5,6.5,528000.0,1188149.9999999998,1968.5,1880.0,5.641929499072356,1.0,1018.7,8104.175,420.45,1345.5900000000001
