trpt1,trpt2,trpt3,trpt4,trpt5,trpt6,trpt7,trpt8,trpt9,trpt10,trpt11,pop1,pop2,pop3,pop4,pop5,pop6,pop7,pop8,pop9,pop10,pop11,pop12,pop13,pop14,pop15,pop16,pop17,pop18,pop19,pop20,pop21,pop22,pop23,pop24,pop25,pop26,pop27,pop28,pop29,trv1,trv2,trv3,trv4,trv5,trv6,trv7,trv8,trv9,trv10,trv11,esp1,esp2,esp3,esp4,esp5,esp6,esp7,esp8,log1,log2,log3,log4,log5,log6,log7,log8,log9,log10,log11,log12,log13,log14,log15,log16,log17,log18,fin1,fin2,fin3,fin4,fin5,fin6,fin7,fin8,fin9,egmt1,egmt2,egmt3,egmt4,BFS
13967,10910,1113,324,55,230,1141,518.6347,10074.0171,3890.903624,3869.716909,21036,17.04700162,10664,10372,10388,7751,3658,6952,6622,2595,1209,26.94858,28.02416,54.97274,46.5896,4493,9.507511,3.898079,103.7269,93.74406,9.982886,2.01,21.35862,2297,1103,584,380,119,3.54901,343.5833,147.5,2643,2087,435,111,10,37,3092,30364,2.958045,1234,326,68,77,137,399,141,77,79,2.023799,47.85,2,0.55,1.8,3820,2047,1050,440,283,11513,248,1759,1190,318,153,152,664513.718,231023.7306,36635.61671,13260.16703,170980.7006,36490.30509,21671.31863,153075.3168,72145.60105,9822,1993,401,937,4001
11081,8922,391,73,16,38,1554,476.0431,8406.800437,3798.733012,3724.737001,18742,24.12097812,9451,9291,7983,8390,3719,5310,6211,2512,990,32.28018,30.39667,62.67685,39.41083,6676,7.950059,2.774517,88.51777,82.59524,5.922527,2.16,35.62053,4664,885,573,169,334,3.106692,394.6667,172,1048,930,100,13,5,14,720,7706,3.936226,777,208,36,37,77,241,163,14,4,0.85674,41.72,2.2,0.64,0.2,2250,929,1047,193,81,9221,121,672,901,343,149,64,139577.6889,79318.20026,37394.0898,12050.09305,121366.1622,15513.44951,5184.87797,132758.4159,81456.8907,1947,1947,437,1100,131
7382,5716,590,60,55,84,815,561.2726,4177.282833,1518.951616,2095.11439,10184,13.76216216,5217,4967,3874,4835,1938,2298,3717,1653,578,32.21945,37.09061,69.31006,34.96673,2464,7.364493,0.883739,71.1901,69.91359,1.276512,2.24,24.19482,1583,464,225,64,113,1.317212,188.0833,88.66667,621,523,78,17,3,81,2548,2893,3.730497,740,134,21,48,62,121,348,5,24,0.989899,45.94,2.2,0.57,0.1,2120,1513,427,135,45,4950,121,1072,662,157,80,28,58468.61335,30567.65967,8515.87827,11854.81416,44828.62296,7471.43556,5688.6889,44084.50934,26033.32006,1618,1618,271,964,2761
7746,6088,394,124,111,181,761,511.5966,5288.467593,1968.095881,2590.505037,11900,11.23701605,5950,5950,5124,5191,2414,3333,4069,1533,551,32.61281,28.15455,60.76736,35.9426,3314,7.310924,4.453782,95.96639,84.53782,11.42857,2.29,27.84874,1825,982,213,170,114,3.442091,297.9167,112.3333,951,813,118,19,1,52,1198,5101,4.660264,1059,166,19,69,69,297,423,3,83,1.22907,44.27,2.3,0.61,0.9,1916,1081,509,236,90,5614,64,727,767,265,69,24,132127.533,49763.9239,15277.56142,16116.2913,100116.3659,23496.12834,1904.26783,97258.78071,37741.3866,1145,1145,218,634,2
6399,5064,450,74,98,50,550,508.3827,3672.713852,1201.705917,1954.496393,9961,6.07007922,5059,4902,4387,4180,2189,2731,3327,1206,508,36.13404,28.29317,64.4272,42.12272,4022,7.027407,6.123883,78.50617,82.12027,-3.61409,2.29,40.37747,2424,1023,171,311,81,8.278012,294.5833,108.5,819,682,123,13,1,262,1379,4427,5.990914,1641,108,56,109,147,613,560,47,1,1.124285,38.2,2.3,0.69,0.1,1279,704,333,170,72,4892,219,621,296,78,42,23,97841.4025,71039.08867,8524.3594,8288.32506,38922.29776,1944.34885,1914.69312,43537.08753,20379.09681,2303,1355,249,723,5401
11852,9165,719,65,66,50,1703,442.8606,9136.098106,4203.255837,2817.806563,20695,23.27896513,10694,10001,8410,9117,3739,5149,7109,3219,1479,30.50253,38.32599,68.82852,45.94595,5417,8.939357,2.705968,75.86374,67.74583,8.117903,2.07,26.1754,3791,633,596,168,205,3.850665,341.5,156.75,1202,1031,137,29,5,49,2357,8183,3.125917,889,184,64,64,71,242,261,2,125,0.887141,44.41,2.1,0.58,0.2,3446,2006,1180,197,63,10934,85,1217,1432,518,137,57,138990.3918,58451.01566,12609.06464,23857.17007,108535.6431,27338.8675,2150.35525,91639.24799,66869.29908,1851,1851,419,958,2762
7268,5477,453,88,95,233,819,594.6151,4295.195834,397.2753805,2370.623139,9211,9.021547502,4681,4530,4111,4007,1775,2515,3067,1278,576,31.79864,33.2139,65.01254,45.07042,1349,10.96515,-1.51992,65.57377,63.72815,1.845619,2.24,14.64553,809,291,110,100,29,1.358253,55.5,21.83333,816,671,121,22,2,113,1871,4920,1.163984,1021,130,16,34,70,402,349,12,76,0.858464,47.13,2.2,0.56,0.1,1664,735,623,193,113,4543,47,639,548,328,90,12,38140.86623,21046.0152,2508.99716,8617.73608,39066.72226,7278.2022,2162.94027,35988.68558,20792.29406,1936,1053,184,502,1201
9161,6560,689,109,437,133,1056,573.5268,5117.916593,541.2797527,3359.654694,11438,2.898631526,5719,5719,4909,4998,2383,3038,3934,1552,531,34.17958,29.87665,64.05622,34.21392,3044,7.431369,1.748557,78.33537,73.00227,5.3331,2.29,26.61304,1629,1238,121,23,33,2.403592,165.8333,71.25,963,817,123,21,2,346,2695,4140,2.651573,3946,270,25,95,147,833,2401,52,98,2.686367,48.48,2.3,0.55,0.2,3294,2140,465,495,194,5956,147,1733,985,319,89,21,62418.83578,25803.71198,7413.08028,8253.28957,70770.00465,16058.98806,1986.41436,70182.2048,32325.9444,1304,1304,218,696,3251
10238,7927,664,49,342,96,1065,593.9607,5931.238258,893.3025324,4081.095147,13346,7.016824395,6679,6667,5748,5786,2758,3939,4457,1555,637,32.84898,26.10767,58.95665,40.96463,4194,6.593736,4.870373,73.72996,61.29177,12.43818,2.36,31.42515,2148,1764,174,60,44,2.28018,217.9167,94.33333,946,823,110,12,1,237,1887,3627,3.103433,1902,218,25,58,88,246,1256,5,189,2.949992,47.97,2.4,0.59,0.3,2565,1387,650,335,193,6339,120,1214,861,266,73,31,125727.8432,92064.00827,9484.49459,21697.86041,65958.62255,8342.84464,3142.92073,68164.34022,37341.79635,1487,1487,282,764,4461
8972,6380,556,99,589,179,1089,1095.279,2822.579249,301.8161193,1604.094467,5825,3.450829384,2830,2995,2607,2507,1097,1611,1958,841,318,30.7369,32.47408,63.21098,37.81213,1142,21.97425,6.695279,71.24464,85.66524,-14.4206,2.3,19.60515,589,347,97,88,16,1.769151,58.08333,23.75,775,675,88,12,0,175,1668,2990,1.733427,1688,127,7,20,41,364,1112,11,79,1.986982,47.91,2.3,0.55,0.9,1542,730,385,376,51,2919,68,800,502,132,38,2,5531.524,3811.949,2003.153,560.671,5341.478,361.153,741.741,6299.534,4323.694,623,471,76,264,3101
10057,8097,477,64,67,60,1151,564.6444,6051.579291,993.0374584,3999.128031,14340,23.9,7181,7159,5973,6019,2753,3670,5077,2017,823,31.47365,32.46827,63.94192,40.80317,4596,10.73919,-1.46444,72.17573,65.20223,6.973501,2.12,32.05021,2862,1200,230,237,66,4.317959,261.6667,95.75,841,725,96,19,1,37,2054,3900,3.560131,600,186,32,79,71,26,191,7,123,2.039491,45.85,2.1,0.56,0.1,2371,1152,805,233,181,7698,85,904,758,441,138,45,148593.557,50612.28721,13305.97975,17891.75636,84810.8373,16191.88697,6062.36413,79531.80623,44756.01085,2156,1568,252,739,4401
5905,4730,397,39,11,40,627,509.3141,3658.74917,1621.449895,1384.669608,9287,13.4011544,5013,4274,3699,4131,1823,1733,3360,1632,739,35.79423,46.55409,82.34832,45.28186,1933,10.014,-2.58426,68.80586,58.25347,10.55239,2.16,20.81404,1455,220,94,44,114,2.201019,110.75,49.16667,674,585,70,14,5,30,1512,4630,2.61822,693,161,15,41,47,363,65,3,39,0.478157,48.96,2.2,0.55,0.7,1934,1221,525,128,60,4601,62,811,749,248,39,25,92923.33516,63897.98971,6592.62615,14400.0732,45490.25845,3145.0086,3164.36385,46118.62557,33864.55806,876,876,168,449,2763
2527,1746,173,42,192,84,254,542.4045,1816.306729,223.4477879,515.5424732,3219,0.20795917,1513,1706,1406,1378,460,820,1237,521,181,22.36266,34.12737,56.49003,34.74088,784,11.80491,-4.97049,125.8155,110.2827,15.53277,1.9,24.35539,638,28,43,69,5,0.74883,62.66667,27.08333,493,422,63,8,0,116,326,2463,2.999902,15479,141,29,30,128,4415,7130,207,30,3.328133,41.94,2,0.6,0.8,2062,1016,587,160,299,5769,267,831,559,224,105,76,127440.0929,50147.78892,5149.6765,14267.70177,34235.46797,9960.18175,1909.37991,33180.92518,17518.5571,198,198,30,105,3921
8275,6248,385,76,319,92,1081,532.4244,5155.069746,1246.015636,3189.908245,11735,2.792717753,5793,5942,5123,5337,2401,3275,4182,1325,552,32.19793,25.17098,57.36892,41.66038,3168,6.050277,2.982531,57.09416,46.6127,10.48147,2.4,26.99617,1445,1423,172,93,33,1.517634,136.3333,64.16667,777,699,66,11,1,289,1197,2489,2.208562,4202,172,28,42,167,1869,1709,32,90,1.780049,41.77,2.4,0.6,0.3,2123,976,728,256,163,5674,155,777,712,304,126,49,34637.53409,19593.52409,10692.12952,4934.13568,31089.47002,1034.2195,455.39495,35942.33269,18008.655,2440,1178,238,623,1362
18440,14669,1245,118,246,237,1720,607.9407,11189.09386,3520.405572,5326.525704,24129,9.709859155,11982,12147,10600,10781,4858,6629,8699,2952,991,31.69363,25.72416,57.4178,33.57046,7060,5.387708,6.382361,92.17125,75.22069,16.95056,2.28,29.2594,4548,1534,497,206,231,1.774118,311.9167,118.5,3530,3105,355,64,6,314,4139,18873,2.344061,2485,256,27,114,149,615,1298,16,117,0.124091,44.32,2.3,0.62,1.7,2674,912,1267,341,154,11282,68,711,982,632,201,80,172493.9028,125289.4877,23301.1765,15789.41878,128035.1241,8281.43483,6768.54029,123903.0429,86395.9204,8431,4653,1114,2107,1701
12626,10112,748,85,59,148,1250,526.0639,10076.02477,4557.460848,3788.496368,19222,14.59529233,9462,9760,9473,7461,3419,6399,6371,2229,804,26.77369,23.75098,50.52467,36.06999,5238,5.774633,5.878681,103.8914,99.26126,4.630111,2.08,27.25003,3573,738,498,171,239,2.051336,358.4167,151.9167,2360,1916,345,87,12,67,8675,20957,3.064063,1317,221,42,65,116,737,114,22,132,0.629784,47.95,2.1,0.57,1.6,3182,1674,867,426,215,10321,103,963,1292,510,213,101,686029.0105,181042.5267,38957.24146,11468.74837,159721.3752,23267.7183,12224.33775,165127.4694,87075.57665,7297,2126,375,970,4021
74735,57043,6637,1239,96,645,8298,333.5516,73428.86575,38273.37438,13052.81703,171017,71.70524109,88152,82865,82622,62126,28313,52593,57131,21602,11378,25.80384,30.05723,55.86107,52.67105,63434,10.32061,0.923885,73.44884,68.22129,5.22755,1.93,37.09222,38907,13686,5256,2187,3163,6.688011,3625.333,1480.833,16321,13878,1869,493,81,56,36333,148836,4.074549,2385,972,212,310,573,87,92,143,729,0.471823,40.41,1.9,0.64,1.1,19088,6305,7162,4863,758,98342,144,2139,5781,3583,4092,3349,10514932.65,4150684.43,707630.2991,540739.4286,4954037.042,597099.5371,330920.3995,5118423.842,2794088.024,26664,15760,3246,8133,2701
7895,6236,400,84,66,137,820,536.8457,5805.473741,2159.739111,3237.190133,11616,12.86378738,5808,5808,4987,5268,2490,3115,4264,1364,383,33.74441,23.67529,57.4197,28.07918,2816,4.734848,5.423554,77.47934,78.68457,-1.20523,2.35,24.24242,1723,654,231,104,95,1.994819,230.5,104.9167,619,525,83,10,1,43,851,3419,3.287427,903,140,24,36,76,278,338,2,64,1.141862,43.99,2.4,0.62,0.1,1782,1051,562,104,65,5167,166,571,742,246,32,25,98291.4961,41850.6961,8813.41548,10329.29283,71011.91509,19776.29228,1543.86061,59128.87196,37206.163,1240,1240,236,677,52
34248,26026,2159,223,351,471,4775,606.6525,6889.880824,1064.706364,4097.380633,42901,2.612410181,22158,20743,18280,18555,8413,10504,15352,6113,2519,32.5379,33.3849,65.9228,41.20726,11030,7.412415,1.724902,72.84212,65.21992,7.6222,2.08,25.71036,8943,1196,332,193,346,3.711554,830.9167,362.5,3470,2975,420,71,4,382,3465,20533,4.080935,16422,827,96,173,455,11341,1938,254,377,1.435723,44.84,2.1,0.6,0.9,11254,7566,2882,634,172,24169,1957,5965,2249,582,315,186,147002.2731,67373.88576,18045.3569,48782.04498,84664.84523,15028.19848,10843.90445,78673.92708,48546.64501,3065,2962,587,1579,5002
7829,6000,423,70,207,28,982,520.2011,5973.132106,2059.32823,3074.96213,11534,4.958727429,5902,5632,4798,5163,2269,2793,4188,1700,584,32.50251,32.71738,65.21988,34.35294,1556,8.756719,1.907404,67.19265,70.74736,-3.55471,2.19,13.49055,841,347,220,100,33,4.095947,146.75,70.58333,742,620,112,10,0,303,1231,3699,2.057714,2326,169,15,33,115,605,1338,50,8,0.850833,47.78,2.2,0.58,0,1984,961,658,270,95,5524,56,813,817,269,23,6,55943.71177,41437.99612,11718.97922,18234.60765,52232.1491,4549.5078,1364.76443,52433.04979,26515.46385,1185,1185,248,558,861
80167,51063,10966,629,227,1458,13773,383.6006,67535.12721,37191.08851,12717.33913,133115,25.78748547,68948,64167,71017,43844,21653,45867,42442,15355,7798,24.51958,26.21817,50.73775,50.78476,34226,9.615746,2.802088,88.78789,76.97855,11.80934,2.03,25.7116,19506,5350,4703,2856,1668,5.124132,2523.75,1087.75,14344,11546,2156,536,106,309,15187,169395,3.303622,5162,1120,312,239,653,1735,980,106,216,0.562308,38.85,2.1,0.67,2.9,14760,3987,7252,2221,1300,78249,420,2699,4486,3522,2269,1364,3969553.302,2827736.862,69336.659,197296.85,1126640.409,154657.365,120330.935,1110975.595,485638.767,33578,11999,2543,6011,351
26724,21117,1447,186,29,211,3405,387.781,21463.412,8742.534524,8070.301284,54456,25.69891458,27851,26605,25172,19973,10452,15963,17917,6699,3425,30.85006,29.88194,60.732,51.12703,18064,10.19171,1.59762,71.83781,67.85295,3.984869,2.03,33.17173,9506,3444,1521,2869,667,11.79957,1563.75,664.9167,4268,3579,560,115,14,47,9345,30047,5.843689,2119,464,88,145,268,962,167,12,187,2.069011,40.36,2,0.63,0.7,6782,1911,3333,1000,538,30401,136,1384,2536,1488,772,466,1053659.335,580103.136,67877.903,128801.339,446356.0161,82130.16306,32568.81871,408209.5232,128877.796,10926,6224,1194,3159,371
8388,6738,384,26,28,25,1143,437.7883,6537.539417,3087.164944,2266.424954,15391,34.50896861,8005,7386,6297,6879,2820,3575,5327,2490,1179,31.67827,41.21546,72.89373,47.3494,3830,9.745955,0.64973,91.87187,75.4337,16.43818,2.11,24.88467,2439,440,497,190,238,3.597646,206.9167,100.6667,962,859,88,13,2,18,539,5660,2.695757,446,239,32,7,42,32,94,0,26,0.356397,49.25,2.1,0.55,0.1,2810,1734,831,204,41,8137,123,1125,971,366,126,99,88231.97146,77946.84671,25909.70886,15503.90183,71248.96105,3396.4919,4947.40698,78096.65402,57143.04664,1392,1392,245,673,2765
5623,4219,320,98,2,77,854,402.9993,4199.67728,1927.398819,1420.239813,10469,41.54365079,5349,5120,4275,4431,1681,2762,3467,1657,902,26.98668,41.08204,68.06871,54.43573,3030,10.60273,0.477601,81.09657,68.48792,12.60865,1.99,28.94259,1838,635,332,97,128,3.524527,223.6667,88.16667,547,460,76,10,1,9,1539,2627,4.364119,252,67,39,64,35,4,0,49,23,0.405572,38.83,2,0.61,0.5,1095,395,533,127,40,5671,17,190,443,297,83,65,64021.66758,32419.48734,3822.64466,15857.46889,42049.40239,3892.38603,2730.88483,42672.61866,22991.02129,777,777,146,436,2766
9361,6733,545,121,177,164,1512,511.7039,5608.861796,1320.414546,2626.999869,13158,3.492965224,6888,6270,5747,5671,2350,3514,4709,1879,706,28.57838,31.43622,60.01459,37.57318,2224,8.435933,0.835993,74.4034,70.83143,3.571971,2.25,16.90226,1312,446,350,88,28,2.192848,105.5,39.58333,1139,941,167,28,3,96,1446,8002,1.546345,3767,165,33,101,141,1825,455,77,38,0.7801,44.85,2.3,0.58,0.2,1878,769,814,151,144,6794,43,897,392,234,147,165,57078.7803,47269.5283,10627.173,12462.502,51708.00086,13587.30561,5039.19881,50270.71197,34568.40527,3764,1460,240,635,6002
6787,5487,457,70,23,66,623,489.7358,4957.632371,1884.226789,2194.116387,11204,17.6163522,5598,5606,4834,4834,2084,3127,3756,1613,624,30.2775,32.50036,62.77786,38.68568,3210,9.817922,1.338808,80.77472,80.41771,0.357015,2.22,28.65048,1549,1099,356,70,116,2.705357,198.5,85.33333,966,800,131,34,1,19,1335,6894,3.371083,636,157,17,47,102,175,90,42,27,1.230661,47.26,2.2,0.57,0.4,2135,1314,549,172,100,5688,143,1020,622,181,78,91,275531.5086,114169.8705,15606.4664,6006.8896,56206.60297,6999.28062,2456.57117,59170.36021,33689.8297,4567,1374,231,619,4095
8719,6970,503,69,129,116,841,556.2206,5876.850506,962.6932175,3800.618592,12531,7.856426332,6207,6324,5425,5435,2439,3944,4076,1549,523,30.41147,25.83541,56.24688,33.76372,4781,8.538824,5.027532,80.36071,74.53515,5.825553,2.3,38.15338,2804,1490,297,91,97,2.078299,205.8333,95.75,973,804,146,22,1,101,1695,5769,3.00619,1595,180,30,79,137,463,597,78,104,1.85396,42.21,2.3,0.6,0.7,2268,1427,508,187,146,6149,137,1130,618,232,110,41,87178.54822,25427.79071,5533.07739,12716.12922,71356.84224,16138.18206,2893.68539,58822.35881,31345.64584,3940,1266,265,659,4003
15052,12497,893,99,75,188,1174,554.855,8665.731855,794.7149175,6459.521356,22523,9.439647946,11340,11183,10687,8744,4917,7377,7010,2318,901,34.17669,22.37437,56.55105,38.86972,8773,6.748657,6.082671,107.4901,88.66492,18.8252,2.29,38.95129,6324,1399,538,330,174,3.351371,453.1667,183.0833,1491,1199,244,45,3,70,4650,9691,4.062374,2386,252,22,106,137,750,1101,13,320,0.931064,40.57,2.3,0.66,0.5,2867,1432,1018,233,184,10633,118,1301,716,342,297,93,150570.8402,68867.93268,2895.58069,21222.34944,100732.7508,15844.31875,7264.10606,105424.9268,71650.87813,5967,3641,503,1323,2125
9352,7163,797,71,84,132,931,439.5827,7153.575092,2570.659524,2853.606548,16295,10.47236504,8381,7914,7172,6779,2967,4654,5434,2194,1046,29.41118,32.11737,61.52855,47.67548,2483,9.757594,-0.30684,72.72169,68.73274,3.988954,2.09,15.2378,1212,760,246,196,64,5.773971,322.0833,142,1292,1058,180,50,4,33,3859,9381,3.790037,1556,221,35,111,125,636,390,37,106,1.242808,44.34,2.1,0.58,0.2,2968,1499,959,279,231,8690,104,1258,1020,417,108,61,172995.9081,69748.11268,10646.58299,31128.30167,117118.1497,30257.40821,7446.2315,93325.62121,39188.4682,4536,1731,300,872,404
6197,4835,492,123,6,38,662,584.7847,3624.804551,1004.305715,2301.044916,8268,17.18918919,4079,4189,3666,3613,1790,2404,2878,943,253,33.88868,22.64294,56.53162,26.82927,3039,5.200774,5.926463,93.85583,94.70247,-0.84664,2.42,36.75617,2353,293,103,135,145,3.810567,211.6667,99.83333,604,475,101,26,2,5,2059,4472,4.614291,481,85,17,61,68,81,161,5,1,1.269505,35.62,2.4,0.69,0.5,969,582,272,71,44,3781,37,471,337,77,37,10,47608.10564,39311.59492,20729.92025,12765.19356,45188.6738,9028.4272,2909.44771,38779.49951,24752.14552,1226,931,181,489,5624
12241,10072,461,101,141,102,1240,513.5893,9272.874151,3453.401068,4514.408237,19611,12.18831572,9909,9702,8559,8583,3983,5949,6393,2463,823,32.27192,26.62453,58.89645,33.41454,5283,5.660089,5.915048,80.61802,75.7738,4.84422,2.27,26.93896,3183,1471,329,150,141,2.366833,357.8333,157.8333,1254,1055,170,26,3,98,2237,8131,3.148378,1609,225,29,81,147,626,493,3,21,1.927867,44.17,2.3,0.62,0.3,2291,993,947,225,126,9233,71,715,828,458,181,38,215507.4915,98079.6315,18460.6293,29172.06181,174818.105,36847.14142,9560.14285,158610.9471,69433.77432,4673,2746,376,1096,53
20250,13242,2565,358,17,250,3670,605.5423,7983.696566,3486.795122,2566.273575,21868,80.99259259,11278,10590,10874,7897,4638,6772,7383,2179,896,32.76581,21.72377,54.48958,41.11978,8409,6.447778,6.127675,130.3731,123.148,7.225169,2.26,38.45345,5832,570,497,829,662,9.211883,760.5,351.1667,2722,2315,335,63,9,2,3838,20507,7.34279,270,86,22,61,56,23,13,4,251,0.325279,33.69,2.3,0.81,1.9,1169,192,419,407,151,10760,50,181,290,188,89,371,239145.8115,75846.92455,10786.42866,44575.62939,97053.07899,13452.3364,20904.69007,107679.4125,88205.21954,4100,2918,442,1179,6608
16732,13570,1465,67,206,82,1227,836.8278,7179.959645,2269.870432,3895.073543,16216,9.14608009,8055,8161,7176,7261,3396,4244,6148,1832,596,32.67898,23.36413,56.04311,32.53275,4082,5.981746,5.735076,92.25456,82.63444,9.620128,2.35,25.17267,2579,870,293,171,151,2.381848,234,93.16667,1798,1589,183,24,2,186,1990,7692,2.703732,1773,194,20,90,137,222,1077,22,218,0.80735,45.39,2.4,0.62,0.7,1904,793,840,181,90,7184,39,476,737,424,181,47,73383.97503,36292.45271,10545.84184,6792.96622,82987.70632,9444.81912,9309.22602,82731.74149,41632.8244,1550,1506,306,836,1702
6912,5343,476,88,24,79,862,641.3396,2624.903895,431.783379,1535.633959,8331,15.57196262,4217,4114,3415,3429,1311,1807,3117,1341,755,26.6247,42.56702,69.19171,56.30127,3516,12.36346,-5.16145,99.02773,76.34138,22.68635,1.88,42.20382,2812,159,214,235,92,7.010032,189.25,77.91667,1995,1810,159,24,2,22,1242,9036,4.958192,535,90,10,15,78,258,75,2,169,4.273019,45.91,1.9,0.6,0.8,899,303,352,194,50,5289,20,377,196,82,38,186,101993.7745,70743.99591,16658.1074,25635.68763,50136.89743,6111.15775,7877.39014,56515.43446,31284.59634,1267,746,180,311,5250
23574,17472,1673,290,236,684,2806,500.9174,17503.81589,4331.00117,6999.227851,34880,12.41723033,17963,16917,15746,13747,5693,9745,12206,5145,2091,25.93504,32.96433,58.89937,40.6414,6925,9.030963,0.057339,72.39106,68.34862,4.042431,1.99,19.85378,4625,926,833,383,140,3.217707,371.25,137.5,3741,3127,511,93,10,109,3728,28281,1.813958,2809,382,54,96,209,1458,494,43,195,0.786627,44.5,2,0.57,0.2,4278,1704,2178,115,281,19323,158,1424,1124,833,450,289,756369.5707,549039.0766,73270.01048,33212.12993,217016.5857,25099.30241,15090.39838,226281.2401,111285.9571,8616,3224,508,1592,3901
7487,5830,240,15,8,16,1342,507.4419,3560.324335,1562.786736,1571.80358,11489,27.75120773,6083,5406,4966,4842,2521,2603,3665,1698,1002,40.22017,43.07594,83.29611,59.0106,3937,12.18557,-3.91679,126.4688,112.0202,14.4486,2.51,34.26756,2773,313,267,208,361,3.020852,242.6667,117.5833,615,545,55,13,2,0,331,4263,5.113518,414,276,16,4,48,24,42,4,32,0.87736,46.39,2.5,0.62,2.6,1802,1334,326,91,51,5243,186,754,663,61,16,122,140381.0486,94752.46323,22887.68375,40525.35247,46196.99465,14688.9175,5355.35464,41981.62541,33158.05782,4653,1621,146,588,6612
6731,4876,754,103,19,280,659,619.6467,3142.98934,891.8433726,2021.068332,7869,14.30727273,3864,4005,3681,3324,1852,2300,2685,778,254,37.15145,20.70211,57.85356,32.64781,3524,5.083238,6.608209,147.6681,146.2702,1.39789,2.44,44.78333,2480,381,213,322,127,4.100906,202.75,86.33333,731,571,125,32,3,17,2523,5908,5.1579,550,84,11,81,89,145,139,1,24,0.090662,34.34,2.5,0.74,0.5,1080,575,333,96,76,3309,50,422,424,110,46,28,59369.005,36837.83,15965.552,7161.037,43522.42574,7738.5087,2060.01241,49410.66315,24206.34782,989,989,175,514,5583
7513,5709,481,76,274,224,599,516.1844,6151.565159,1379.970709,2319.723245,11060,0.38943662,5520,5540,5064,4619,1931,3000,4025,1546,558,27.48754,29.95018,57.43772,36.09314,2998,8.770344,0.723327,91.95298,96.65461,-4.70163,2.02,27.10669,2565,157,145,83,40,1.404267,68.58333,27.66667,1154,966,160,27,1,181,1000,7575,0.964922,28400,317,63,53,207,6309,9935,278,51,1.272431,39.85,2,0.65,0.8,2715,858,1355,254,248,12260,191,1036,710,499,192,87,270814.8496,153898.6202,26943.79374,60204.95045,84331.90366,18803.7565,8632.59462,100378.7447,64289.03016,1414,1022,187,517,3851
8117,6530,506,105,72,100,727,519.8217,4635.34027,907.700126,2710.276608,12562,5.717796996,6446,6116,5503,5066,2517,3259,4240,1725,821,33.56448,33.95119,67.51567,47.5942,3532,10.7467,-1.5921,72.99793,84.8591,-11.8612,2.16,28.11654,2084,586,353,419,90,6.416263,390.3333,172.5,1293,1036,211,43,3,52,3343,9318,6.441658,2197,215,24,91,114,924,813,18,17,1.906069,44.24,2.2,0.58,1.4,2401,1395,574,248,184,6558,91,973,858,294,109,76,139655.6074,65514.13042,3882.75709,14841.9572,71284.24035,6538.4499,5499.90451,80431.793,50002.2539,3226,1568,236,778,6711
18016,14744,1342,212,26,104,1439,544.5413,11118.05365,5080.297453,4928.054807,27076,28.98929336,13382,13694,11873,11800,5525,9033,8344,2953,1221,31.7949,24.02026,55.81516,41.34778,12087,5.207564,9.085537,98.13119,93.51455,4.616635,2.24,44.64101,6486,3820,947,507,305,6.023736,901.3333,388.0833,1707,1393,257,48,9,18,3259,14296,6.617804,934,191,41,96,139,249,151,47,417,0.880743,38.56,2.3,0.69,0.2,2559,1035,1095,299,130,12603,52,678,1012,481,161,175,232946.6538,130196.7358,27368.62938,39083.10454,203234.367,11484.8202,5088.98799,207803.2394,80282.74777,3986,2648,567,1475,243
17064,13931,1017,53,95,91,1764,503.124,12315.94021,5404.94197,5651.187047,27689,20.32966226,13925,13764,12488,11475,5445,8229,9610,3158,1247,30.52301,24.69309,55.2161,39.48702,9547,6.753584,5.020044,117.8807,91.26368,26.61707,2.18,34.4794,6467,1612,795,313,330,1.858888,624.9167,248.5833,1809,1533,218,47,11,151,2470,17270,4.29102,1362,319,40,67,162,276,484,11,78,0.924712,42.48,2.2,0.64,0.5,3427,1684,1277,301,165,13734,142,1251,1139,613,190,92,196474.0502,157031.4352,35105.44526,21058.15512,161120.1106,14531.50828,4938.0774,178045.641,113517.7387,3358,3240,652,1774,191
8992,6901,603,54,34,112,1205,518.3655,6028.656689,1908.349745,3178.215278,13313,13.75309917,6699,6614,5684,6024,2600,3842,4556,1673,642,30.95975,27.56609,58.52584,38.37418,2794,7.135882,5.032675,88.7854,77.74356,11.04184,2.3,20.98701,1515,884,229,108,53,3.27331,178.25,80.75,729,617,89,20,3,85,2519,3947,2.452791,968,178,12,27,108,228,351,63,2,1.622323,43.8,2.3,0.6,0.8,1962,1058,704,124,76,6164,97,904,592,228,98,43,83599.8246,35516.48262,9555.13296,18307.52281,65581.42826,7530.562,1685.2149,60269.20125,38287.2989,1502,1371,248,753,1054
7497,5988,459,104,20,45,826,485.1726,5033.494667,1699.942013,2793.942495,12342,21.57692308,6030,6312,5715,5150,2599,4025,3859,1360,499,32.9655,23.5794,56.5449,36.69118,5614,6.157835,4.132231,127.7751,131.2591,-3.48404,2.31,45.48696,3840,818,366,340,236,3.728427,295.4167,129.0833,855,654,158,38,5,14,2668,13165,4.686463,572,160,25,62,96,66,156,5,32,0.394548,35.8,2.3,0.75,0.1,1023,472,393,95,63,5576,64,423,255,135,72,74,76626.16612,34137.23787,7743.44786,14011.00759,59129.79658,4686.03444,3083.28907,57256.42377,32145.21583,1310,1310,273,733,5635
12101,8853,603,116,727,171,1487,576.3297,6471.916374,886.5317953,4104.10577,15361,1.55271404,7604,7757,6817,6612,3174,3742,5726,1990,729,33.52345,28.71779,62.24123,36.63317,2366,7.616692,3.320096,54.29334,40.23176,14.06158,2.33,15.40264,1457,543,216,108,31,1.505605,129.5,47.41667,1311,1168,130,12,1,495,1854,4377,1.634479,9893,303,30,69,180,4375,4658,98,146,1.779872,48.7,2.3,0.58,1.2,3595,1996,1154,352,93,7641,350,1449,1163,437,147,49,79861.57082,31481.8737,8423.20676,19682.88878,67312.49613,5924.36453,1166.98674,71990.64711,38974.9445,1879,1706,200,913,1301
19099,14749,1157,162,164,251,2436,487.9251,13496.04013,4017.000141,7747.062101,30228,14.83946981,15057,15171,12929,13441,6049,9035,10041,3615,1488,31.71,26.75089,58.46089,41.16183,10351,6.847956,4.49914,88.6926,79.85973,8.83287,2.24,34.24309,5544,3816,435,380,165,4.027184,608.6667,243.0833,1486,1213,230,35,8,172,5773,9736,3.701701,2037,336,56,152,233,359,857,43,531,2.047266,40.67,2.3,0.64,0.5,3141,1274,1482,257,128,14556,134,1190,960,495,193,169,240183.5348,81668.29512,6991.09089,49911.6202,145396.8048,16227.38528,4914.50955,139119.587,79134.2309,4034,2718,445,1628,1024
7002,5464,395,59,165,71,785,520.1333,4513.136627,998.7685418,2739.117837,10505,9.158674804,5267,5238,4514,4705,2330,2810,3511,1349,505,36.86126,29.3308,66.19206,37.43514,2994,8.472156,1.903855,62.25607,51.40409,10.85198,2.34,28.50071,1493,1248,159,59,34,3.481867,155.8333,75.33333,612,509,91,12,0,113,1936,2415,2.838053,1147,171,14,53,54,260,571,11,30,3.940582,45.77,2.3,0.57,0.2,2004,1170,532,191,111,4847,50,766,865,254,49,20,64023.4333,35268.14734,17729.7232,8740.83824,47771.26238,5092.92126,1347.93865,50183.12541,27520.94668,1512,1128,231,612,3402
19835,15251,1247,287,292,240,2314,605.1984,11895.43189,3006.038238,6442.627334,25200,9.210526316,12868,12332,11023,10794,4824,7433,8508,3111,1324,30.26159,27.82134,58.08293,42.55866,5993,6.984127,3.849206,68.88889,60.51587,8.373016,2.15,23.78175,4124,1231,378,107,148,2.891731,395.5833,177.25,2105,1720,317,63,5,176,4468,15452,2.825004,2736,408,70,137,209,672,1171,37,136,0.885819,49.25,2.2,0.56,0.3,4623,2661,1276,417,269,12305,155,2175,1606,511,123,53,230919.7133,137207.9651,24263.36131,31438.13691,138192.6739,14537.99504,7924.24797,142470.8111,92468.86848,4585,2671,484,1350,4566
15132,12344,927,105,124,180,1337,762.1635,7048.346457,2149.945123,4167.895768,16196,11.73623188,7583,8613,6546,7480,2838,3833,6615,2198,712,27.16309,27.85222,55.01531,32.39308,4481,7.347493,2.654977,83.90961,76.00642,7.903186,2.23,27.66733,3073,822,280,115,174,1.590073,202,72.5,2481,2188,249,41,3,126,2567,11719,2.22917,1380,234,18,64,144,325,532,7,71,0.44196,50.5,2.2,0.58,0.6,2376,1280,765,224,107,7693,151,812,819,382,165,47,101896.35,78943.31496,39707.43875,14014.23815,71693.55731,3781.85744,2765.80357,89466.84933,63414.12014,3228,1666,304,902,1322
19188,15562,890,94,25,189,2026,400.7829,15544.28332,6566.514351,5970.312205,38829,41.84159483,19514,19315,19853,13711,7568,13113,11832,4359,1957,30.33875,25.3197,55.65845,44.89562,14639,7.983724,5.511345,92.6627,92.3279,0.334801,2.16,37.7012,8866,2080,1280,1813,556,4.234976,876.9167,365.6667,3599,2961,510,121,7,28,2628,30605,4.395787,928,325,70,57,140,158,123,53,302,1.468287,37.09,2.2,0.71,0.6,3342,854,1415,649,424,21726,60,598,943,662,482,597,337952.0039,170731.6981,25053.5639,-55580.95687,221671.1693,25453.07945,11899.78496,215375.3344,142193.2697,14100,5349,820,2240,2196
95867,73275,4002,246,29,299,17372,368.2549,69519.85314,33982.14989,16806.73347,198979,124.986809,103293,95686,98034,71959,35621,63999,67392,21701,10266,27.11068,24.32967,51.44036,47.30658,95139,7.025867,5.05581,113.5999,101.6891,11.9108,2.07,47.81359,61690,6860,9054,7781,9154,6.756634,6088.25,2839.083,21618,18831,2237,481,69,32,9965,168319,6.107808,1592,737,250,66,411,50,24,49,733,0.573162,36.21,2.1,0.77,3.8,7451,724,2933,3180,614,107474,185,516,707,412,739,4892,2712343.976,1489462.515,1884.773,295563.091,1169429.349,113275.294,396187.0866,1182336.664,897009.4099,33461,18742,3611,9826,6621
9086,7481,522,39,51,29,920,575.5944,5586.039843,1832.169816,3287.645039,12997,15.62139423,6613,6384,5962,5517,3105,3863,4590,1126,313,36.73252,17.02354,53.75606,27.79751,4634,4.231746,8.232669,96.56074,84.01939,12.54136,2.43,35.65438,3650,404,162,188,217,3.488646,323.5833,161.75,941,808,116,14,3,49,655,5519,4.630389,832,154,51,55,73,121,380,3,84,0.590175,39,2.4,0.68,0.3,1170,616,363,114,77,5761,82,473,414,125,54,22,80062.0564,32844.77544,5372.44436,18231.6311,65485.49368,11424.715,2728.17962,65036.93731,40664.15163,1776,1776,339,978,5721
9091,7028,598,74,193,135,977,561.5661,5944.836052,838.9599717,3569.095725,12515,1.207079475,6203,6312,5349,5442,2488,3370,4294,1632,731,32.46347,30.83246,63.29593,44.79167,3381,10.38753,0.079904,56.73192,62.48502,-5.7531,2.21,27.01558,1914,1082,229,102,49,2.20366,176.9167,73,1179,992,160,25,2,176,2441,5694,2.628634,10368,203,32,83,111,3558,2725,387,53,1.761222,49.36,2.2,0.54,0.1,3606,2457,571,412,166,6416,166,1390,1260,646,126,18,78965.43443,47197.47324,352.62855,16928.33429,46773.06386,4832.57301,2609.7893,50377.72973,34914.8123,2124,1493,234,684,1632
14434,10894,919,199,588,265,1407,603.3117,8225.405994,1261.20306,5501.436115,18057,1.228450915,8917,9140,7600,8160,3675,5017,6213,2285,867,32.72484,28.06768,60.79252,37.94311,4375,7.808606,3.378191,62.52423,50.39597,12.12826,2.3,24.22883,2598,1333,246,127,71,1.651964,250.25,108.1667,1308,1122,162,22,2,458,3368,4761,2.454875,14699,374,40,148,314,5959,5476,208,69,1.645239,47.8,2.3,0.56,0.4,5173,3637,795,521,220,9178,338,2586,1663,462,105,19,156626.0415,79583.45119,798.56139,29288.99676,64308.47083,7741.19489,1919.58399,64524.0108,41794.50455,2540,1827,377,1021,1630
12941,9975,760,183,336,225,1287,552.4785,8818.164021,2395.3357,5096.497351,18055,6.563067975,9053,9002,7594,8159,3523,4996,6126,2527,883,31.67596,30.65995,62.33591,34.94262,3658,7.421767,2.381612,60.81418,58.93104,1.883135,2.29,20.26032,1817,1405,262,129,42,1.388503,224.1667,105.1667,1259,1024,189,39,7,288,4266,8433,2.087577,2751,277,33,118,172,445,1664,15,103,2.465403,45.71,2.3,0.57,0.1,2787,1351,856,393,187,8599,66,1045,1015,500,128,33,115631.9875,59505.05681,7385.10564,10391.592,79948.39096,7977.70718,6722.98034,85053.32126,50854.18097,1909,1802,362,823,3443
11594,9445,569,75,88,127,1154,556.0789,7221.263143,1301.657127,4501.905714,16985,6.525163273,8540,8445,6741,7246,2987,4476,5792,2443,1287,29.09038,36.32645,65.41683,52.68113,5848,9.773329,-1.29526,76.24374,59.87636,16.36738,2.14,34.43038,2894,2041,461,330,104,6.976883,436.9167,184.9167,1034,863,135,33,3,106,5889,4979,4.97283,2603,251,37,75,176,1037,985,36,179,2.616705,46.77,2.1,0.59,0.3,3058,1543,1063,313,139,9554,193,1298,940,412,138,77,123078.713,93143.983,17607.295,25112.325,97426.22004,5392.576,4824.31902,93960.062,57532.447,2168,1424,288,723,2546
11280,8637,702,114,285,161,1223,549.0782,7163.130877,1416.56931,4452.336777,15730,6.242063492,7794,7936,6816,6699,2974,4376,5535,2042,803,30.00706,28.70548,58.71254,39.32419,3400,9.917355,1.462174,61.9199,63.06421,-1.14431,2.17,21.61475,2026,853,274,187,54,4.299981,223.4167,92.91667,1428,1245,160,19,4,230,2929,6475,2.529745,2520,258,16,54,107,701,1368,16,54,2.318429,47.31,2.2,0.55,0.2,3225,1575,961,448,241,8454,66,968,1352,528,230,81,119609.2031,32816.5379,3883.90414,14529.10531,89327.63482,9380.98569,7485.13007,87932.37138,53727.10525,2518,1515,291,783,3001
8902,6796,489,82,247,118,1049,612.5282,5102.367212,1222.571408,3206.349658,11095,4.979802513,5605,5490,4587,4977,2221,2809,3957,1614,494,32.82589,31.15578,63.98167,30.60719,1865,8.201893,3.064443,80.12618,61.28887,18.83731,2.27,16.80937,1169,439,168,52,33,2.783923,178.9167,77.66667,852,739,94,15,4,192,2794,3752,2.856518,2228,190,15,79,154,593,1155,13,13,1.221434,48.73,2.3,0.57,0.1,2475,1629,483,259,104,5076,192,997,982,239,49,16,89045.4684,49320.4684,16483.37471,6218.8419,65122.30429,5847.54287,1472.55973,70213.57618,40702.35755,1112,1112,257,579,117
12762,10281,589,32,96,84,1542,506.6778,9454.926977,3817.804546,4704.102806,20291,9.607481061,10314,9977,8530,9106,4206,5103,7206,2648,1128,34.17012,30.67674,64.84686,42.59819,6272,7.441723,4.435464,70.67173,70.91814,-0.24641,2.28,30.91026,4254,1096,443,135,309,2.548622,395,169,1245,1087,131,22,5,87,1660,7636,3.582761,2112,214,32,45,168,1044,557,36,44,0.677436,44.38,2.3,0.62,0.1,2760,1223,1061,357,119,9595,80,769,993,596,225,97,230582.9955,157344.0955,14464.22701,22817.55038,145490.3579,15260.49926,3588.7973,146516.673,103148.0486,3385,2011,448,1145,133
7598,5787,332,25,81,37,1226,416.8107,5984.811411,1733.900492,3022.784121,13884,10.7962675,7120,6764,6022,6065,2610,3315,4921,2093,945,31.69014,36.88684,68.57698,45.1505,2401,6.914434,2.160761,75.8427,72.24143,3.601268,2.24,17.29329,1415,455,339,116,68,2.618219,134.25,55.16667,845,761,71,11,2,91,801,4476,1.877677,1286,212,27,45,83,532,376,3,44,0.059542,46.58,2.2,0.58,0.2,2117,1080,806,150,81,6718,130,866,647,288,105,81,165972.4548,84910.48716,46790.47019,13721.03338,86888.14149,17094.0622,2203.55169,71622.00611,48893.9028,1246,1246,257,749,1058
10776,8368,613,55,301,137,1161,498.2139,6051.579291,2074.674141,3178.215278,16796,5.103615922,8496,8300,7017,7526,3330,4703,5475,2502,786,32.71763,32.30497,65.0226,31.41487,4415,8.633008,3.095975,77.45892,76.38724,1.071684,2.2,26.28602,2460,1328,389,116,117,3.716983,340.75,131,1056,914,115,27,0,273,2092,4875,3.72451,3291,242,34,47,169,1209,1547,18,28,0.506329,44.79,2.2,0.6,0.2,2816,1610,734,373,99,8295,186,1151,1017,336,85,41,139263.1742,64532.10763,9952.77232,15396.71819,98423.8613,9838.43405,3770.2849,106511.6414,49750.34365,1716,1666,356,924,296
3770,2755,274,80,22,119,427,485.6337,2879.664218,582.4163075,894.407953,5673,13.28571429,2901,2772,2461,2330,891,1704,1857,862,359,25.02106,34.28812,59.30918,41.64733,1790,10.22387,2.115283,119.866,123.9203,-4.05429,1.95,31.55297,1140,218,306,67,49,5.077301,88,35.83333,835,672,137,25,1,13,758,6204,2.836182,427,93,17,24,68,94,104,28,15,0.718563,45.38,2,0.59,0.3,982,285,370,174,153,3340,53,302,332,194,87,14,49673.92604,29760.34539,7785.07774,12824.79976,37110.08099,9995.6943,1328.07545,39382.03533,24464.22901,3003,619,89,239,578
10082,7843,1095,18,26,53,924,688.7074,5243.527299,2540.179335,2003.498598,11388,27.11428571,5826,5562,4777,4885,2101,2917,3872,1762,736,30.94712,36.79482,67.74194,41.77072,2761,10.53741,-1.58061,88.86547,88.86547,0,2.14,24.24482,1284,586,475,306,106,6.883231,184.75,78.91667,670,509,123,28,10,18,921,11495,2.905789,420,142,7,27,79,61,101,5,52,0.596354,42.8,2.1,0.59,0.7,1580,817,600,105,58,5869,45,642,588,197,36,72,107069.1223,85793.941,19699.70352,28225.202,76594.57518,8005.55245,1174.0155,75239.38259,43821.13785,1355,1231,249,653,362
15481,12806,838,280,90,159,1164,670.963,8827.826957,3747.620099,3897.291153,19086,9.90451479,9393,9693,8340,7906,3569,5872,6537,2194,914,28.76138,25.04634,53.80772,41.65907,6196,7.649586,3.091271,112.7528,81.05418,31.69863,2.17,32.46359,3612,1378,693,259,237,4.855842,491.9167,219.25,1465,1087,281,77,20,63,4649,30525,4.602514,1927,228,44,47,517,494,580,6,114,0.569889,40.51,2.2,0.66,0.8,2037,802,915,212,108,9651,112,623,697,401,136,68,248469.0297,175037.4497,70966.87921,30718.55318,168744.7922,13744.84167,17571.09761,179323.8976,126653.9717,1828,1744,331,951,62
15166,12464,641,85,52,95,1665,578.1076,9607.945014,1562.51472,6086.93386,21560,18.74782609,10859,10701,9318,9117,3772,6117,7732,2938,1001,27.23662,28.44249,55.67911,34.0708,11767,7.096475,2.875696,85.1577,85.6679,-0.5102,2.08,54.57792,8833,2542,220,61,106,3.328382,423.3333,182,1605,1405,164,32,4,43,2715,8851,3.588897,1150,264,72,96,121,315,246,14,111,1.606955,47.52,2.1,0.57,0.2,3175,1580,1092,306,197,11388,95,1180,1156,512,157,75,190569.4304,116959.8044,41093.62445,26743.32271,107207.3614,7290.58676,6396.87031,116257.6883,77142.8427,3472,2017,378,969,4671
15374,11642,614,83,144,46,2646,429.4356,12488.68415,4224.651349,5996.960465,27110,9.93040293,13840,13270,11461,12074,5141,6887,9378,4059,1645,31.60775,35.06917,66.67691,40.52722,4945,7.303578,1.918111,65.32645,64.55183,0.774622,2.19,18.2405,2869,1067,465,359,179,4.237225,338.1667,152.5,1528,1260,228,36,4,122,2176,9766,2.27826,2730,286,36,90,132,1375,775,14,17,0.30707,43.59,2.2,0.59,0.8,3391,1559,1486,223,123,13352,192,1265,1062,465,247,160,288853.5638,102236.8103,32778.67341,31743.17598,159023.5404,31587.76156,6488.61508,135510.2368,84634.03285,2460,2460,391,1357,1059
23342,17760,1405,131,494,176,3065,433.8268,18983.83573,9360.506878,6700.98157,40938,8.025485199,21268,19670,18090,17310,7850,10645,14128,5780,2535,31.68772,33.56477,65.25249,43.85813,7666,8.085397,3.29767,89.2325,75.65098,13.58151,2.17,18.72588,4283,1059,1277,701,308,5.209628,676.6667,297.25,2197,1877,235,75,10,410,4075,17940,3.064691,5101,546,54,98,243,1571,2577,16,252,0.566692,43.65,2.2,0.61,0.6,6790,3389,2497,629,275,21352,332,2838,2649,728,148,95,315287.353,204400.381,25332.775,82740.291,209828.3719,21161.03531,5435.90627,199331.4538,112208.1073,4490,3910,714,2157,355
8786,7351,373,19,28,34,939,517.9679,5688.5172,2627.054909,2366.759903,14192,11.48220065,7398,6794,5875,6282,2821,2904,5130,2223,1114,35.11327,41.53597,76.64924,50.11246,3651,10.6398,-0.14092,99.84498,73.35118,26.4938,2.19,25.72576,2917,187,203,117,193,1.764281,181.1667,83.16667,1280,1138,123,18,1,89,865,5441,2.636838,1236,297,32,12,77,384,420,7,37,3.981938,53.79,2.2,0.53,0.2,2880,1419,1077,259,125,7308,140,964,1209,466,70,31,263469.0951,117705.1591,21667.44659,-11668.1176,203058.4203,34551.65992,6627.89898,184383.273,148949.2131,2029,1593,303,919,154
22971,18933,1116,214,287,225,1799,485.8976,15284.91486,3911.726486,8526.783435,38965,6.993000718,20058,18907,17330,15048,8313,10548,12960,4745,2399,35.36243,30.38965,65.75208,50.55848,12123,9.059412,1.668164,50.58386,52.09804,-1.51418,2.09,31.11254,8818,1042,609,1378,270,11.93624,1415.417,617.25,2833,2346,392,88,7,217,10364,15056,6.972349,5572,468,64,137,258,1556,3050,30,29,2.003228,42.26,2.1,0.6,0.1,4512,1469,1645,1072,326,21066,174,1088,1171,930,663,486,785458.4261,266738.515,18807.03945,42564.28767,238099.6115,25553.61856,27186.3066,223961.3858,115451.9086,6796,4335,813,2383,6421
2450,2063,85,2,7,8,257,558.6244,1580.321449,256.71668,990.10711,3693,5.446902655,1899,1794,1549,1546,704,880,1310,543,256,32.14612,36.48402,68.63014,47.14549,659,10.28974,-1.6247,57.13512,54.15651,2.978608,2.14,17.84457,568,30,17,23,21,3.872191,66.83333,29.33333,267,232,28,7,0,40,462,1039,3.300968,678,69,7,9,39,427,127,0,1,1.956746,49.92,2.1,0.54,0,854,404,244,144,62,1942,65,275,296,166,46,6,31787.80571,22062.18438,2865.57294,8666.22674,29006.57069,3621.27959,1430.6406,29155.20179,11731.4267,826,458,77,190,723
6365,5309,161,5,7,17,826,455.6299,4364.07551,1473.603518,2379.857252,11652,35.74233129,6191,5461,5084,4706,2438,2740,3950,1766,758,36.44245,37.72795,74.1704,42.92186,3532,6.179197,2.145554,100.1545,83.33333,16.82115,2.1,30.31239,2618,270,198,188,238,5.656247,236,111.3333,548,485,55,7,1,51,245,2988,4.146143,326,150,16,5,45,15,95,1,61,0.146651,43.7,2.1,0.6,0,1362,705,458,158,41,6137,50,529,481,189,77,36,59477.78932,43925.9101,4924.47097,13329.57475,62979.33257,4478.1544,7201.48728,57316.09072,40388.98947,2843,1288,196,680,5889
20278,14537,1052,91,18,162,4017,459.1453,11629.72114,5308.496442,4891.166913,31661,66.37526205,16366,15295,14308,12867,7409,8594,10518,3594,1546,38.76622,26.8941,65.66032,43.01614,11395,5.937905,5.716812,92.51129,93.49041,-0.97912,2.48,35.99065,7815,1008,695,1061,807,5.213814,813,388.6667,1685,1389,234,52,10,23,2072,17171,5.417715,477,218,30,52,126,31,25,2,67,0.312092,33.65,2.5,0.77,1.1,1913,1007,590,259,57,13778,193,623,480,147,88,382,462949.0092,220352.8775,5887.38641,48178.79696,144833.5575,46191.59122,22092.70856,124759.4444,96071.06778,9478,5073,729,2820,6628
11517,8465,1001,126,92,806,886,546.0938,7443.668514,1647.353284,3838.45538,15501,8.996517702,7948,7553,6742,6494,2935,4334,5091,2164,977,31.14058,33.32626,64.46684,45.14787,3432,10.06387,-0.19354,69.0278,65.28611,3.741694,2.13,22.14051,1631,1195,391,139,67,7.056386,276.1667,124.0833,1202,966,198,34,4,82,3848,8787,3.26612,1723,263,42,84,126,658,547,4,93,4.444721,46.7,2.1,0.56,0.3,2993,1680,816,317,180,8032,154,1448,950,353,76,12,140466.3158,102010.0526,22368.47523,30828.84331,106499.7961,18691.01989,7806.63024,105660.099,36972.1206,4458,1784,307,867,329
62342,49883,2866,213,60,337,8454,361.9694,57076.91506,29777.03269,18317.71942,137810,33.30352827,71285,66525,72545,46506,26942,48405,41860,13655,6948,29.84767,22.82502,52.67269,50.88246,59347,6.733909,6.39286,108.1924,100.2975,7.894928,1.97,43.06436,38085,6635,4465,5842,4178,8.784994,4911.25,2129.083,12387,10477,1529,326,55,145,6470,111090,6.794179,4138,892,313,124,520,1616,664,7,562,0.37688,36.71,2,0.69,0.4,8974,2213,4036,2160,565,77213,112,1473,1985,1495,1674,2235,1921838.869,796843.1818,2648.09424,347858.0106,1194486.888,83136.04209,158582.5433,1248304.225,522711.7897,31063,14515,2839,7646,5586
6695,5244,274,16,10,32,1080,434.2857,3598.604127,1350.013684,1789.747118,12075,27.56849315,6257,5818,5526,5191,3061,3032,4146,1274,562,42.64419,25.57816,68.22235,44.11303,5117,5.465839,4.720497,124.7205,137.6398,-12.9193,2.61,42.37681,2590,378,922,710,438,4.253738,263.9167,115.25,712,566,105,31,10,1,385,11615,4.672564,438,143,23,16,183,9,62,0,13,0.487607,35.09,2.6,0.74,5.1,1125,734,284,75,32,4922,109,470,316,77,50,103,152970.1669,52635.41326,3009.17505,27378.4804,40265.93937,6129.53485,5725.82083,47373.45321,39343.593,1116,1116,292,810,6623
6717,5606,305,27,95,46,555,537.3335,3928.293305,681.1551689,2559.617213,10433,4.510592304,5243,5190,4384,4319,2241,2607,3504,1383,698,36.67158,34.05335,70.72492,50.46999,3084,12.26876,-2.01284,74.09182,68.62839,5.463433,2.12,29.56005,2381,212,142,288,46,9.661049,365.0833,160.8333,679,560,85,29,5,83,5371,2812,7.393603,2313,178,31,51,109,692,1242,0,8,3.976311,43.61,2.1,0.57,0.1,1664,686,615,239,124,5910,80,456,508,354,170,96,182628,86514.89595,5711.61416,6881.71376,80283.02297,8829.20357,6885.80336,78434.95289,45615.14413,2280,1297,204,650,6436
6887,5316,530,180,53,104,618,559.4023,4255.874493,1564.298221,2088.805935,9503,8.402298851,4765,4738,4439,3872,1705,3118,3021,1156,503,27.77325,27.02395,54.7972,43.51211,2682,7.471325,4.314427,115.5425,83.65779,31.88467,2.12,28.22267,1655,658,207,106,52,3.40537,177.9167,76.5,975,790,149,33,3,41,2508,6651,3.359158,1131,139,19,78,84,563,246,6,260,3.246882,51.44,2.1,0.57,0.4,1584,920,378,183,103,5051,56,680,547,192,69,40,224371.437,52494.68086,18824.22292,10693.19694,59049.66513,4840.0122,3936.32513,64842.30177,32105.3961,3707,1092,186,406,4201
9334,7241,697,128,72,228,795,511.8038,6125.682697,2407.067636,2503.071712,14148,7.782178218,7115,7033,6015,6259,2782,3735,4869,2008,754,32.3338,32.10135,64.43515,37.5498,3862,9.117897,0.777495,77.53746,71.38818,6.149279,2.21,27.29714,2048,1211,396,111,85,6.222033,259.0833,98.58333,1524,1233,238,48,5,59,2121,14349,3.686865,1818,222,33,75,103,1073,298,10,124,0.722648,46.25,2.2,0.59,0.2,2736,1633,677,302,124,6919,89,1108,982,341,124,92,78028.43952,51152.7322,3267.06357,20971.9027,65192.93624,3944.89545,2932.82123,66636.18554,39878.16953,5946,1910,271,793,2829
10345,7704,656,54,12,94,1693,477.8563,5788.521987,968.8116918,3332.960347,16122,8.62600321,8509,7613,6710,6762,2761,3860,5688,2596,1217,28.91705,39.93506,68.85212,46.87982,5580,10.73068,-2.23297,80.5111,70.77286,9.738246,2,34.61109,4529,618,119,92,218,4.227204,370.6667,172.4167,1859,1622,194,39,4,56,2839,10275,4.89152,1869,202,71,79,153,580,620,111,326,3.39854,42.94,2,0.63,0.3,2289,1031,781,349,128,11093,163,1103,436,179,142,266,198409.1596,101240.093,35741.47019,28135.87355,84366.13288,23277.9925,6041.99364,73905.53399,49852.88793,3911,1590,356,668,5113
52768,39578,3096,319,206,435,8745,619.064,23494.51444,4948.581703,14235.23709,63932,8.419860398,33064,30868,27661,26777,11272,15334,23399,9586,4341,29.1018,35.95642,65.05822,45.28479,24752,8.69674,-0.9385,77.34781,70.88782,6.459989,2.04,38.71614,19791,2670,893,458,903,3.549691,1074.917,454.8333,10100,9125,841,121,13,114,5571,50072,3.541674,7593,886,99,128,305,5024,730,45,295,1.247916,46.65,2.1,0.61,0.3,10332,5662,3144,1154,372,39586,875,4532,2759,786,484,896,1150903.942,452310.2102,61311.87497,249630.9011,431408.8652,56505.65099,58691.41941,417649.0515,300595.3289,10477,6930,1595,2810,5192
47652,37166,2773,487,176,395,6000,455.5103,39858.59568,16558.9656,13781.29805,81592,28.03848797,42325,39267,41016,29359,12887,26969,25928,10570,5238,24.36244,29.88449,54.24693,49.55535,20046,9.326895,1.777135,89.28571,87.10413,2.181586,1.92,24.56859,11821,3573,2719,1133,747,3.755459,1377.083,577.25,8031,6671,1087,241,32,146,7150,73798,2.887186,2910,704,192,145,349,649,810,48,341,1.03086,45.54,1.9,0.58,0.4,7821,1804,4245,1167,605,45884,130,1302,1888,1853,1152,1496,736613.6356,477678.5915,6530.58383,211501.7529,642142.5389,128919.3283,36212.10394,713669.9331,341668.146,19478,7361,1133,3618,1061
10034,7732,658,137,91,143,1159,525.7718,7034.091669,2074.674141,3604.862026,14706,9.916385705,7373,7333,6366,6279,2842,4076,5175,1990,623,30.721,28.2456,58.9666,31.30653,2586,8.499932,1.495988,81.25935,60.11152,21.14783,2.17,17.58466,1644,575,202,107,56,5.815494,264.4167,119.5,904,716,153,35,0,83,3015,4970,3.198684,1483,192,40,111,137,484,515,7,148,4.274327,46.22,2.2,0.58,0.1,2495,1377,749,222,147,7276,120,1097,898,319,46,15,106170.652,53942.31131,11008.31715,27142.80771,81769.47984,14450.1685,2719.99238,82617.33929,44186.34355,2897,1451,291,742,306
13593,11008,872,207,132,106,1103,611.6235,7424.624733,945.6923655,4769.208411,17998,7.1992,9258,8740,8242,7124,3710,5326,5924,2172,866,32.97778,27.00444,59.98222,39.87109,5717,8.334259,2.111346,90.17669,72.34137,17.83532,2.2,31.76464,4380,546,351,334,85,3.552207,500.25,181.6667,1803,1534,231,36,2,217,2176,10485,5.28287,2500,212,47,135,229,969,749,79,269,2.242543,41.27,2.2,0.65,0.3,2091,946,764,254,127,9186,120,788,565,328,114,176,225856.4269,146796.7119,1658.67956,27880.2654,119749.8728,39441.3894,9470.48717,104494.325,58243.90091,3737,2066,340,1083,6136
9536,7401,669,136,118,136,1005,537.7852,5730.065134,2948.795997,2138.025948,13762,11.52596315,7242,6520,5658,6166,2841,2822,5164,2063,872,35.57476,36.75182,72.32657,42.26854,3114,9.809621,0.363319,82.03749,66.63276,15.40474,2.24,22.62753,2357,271,216,94,148,1.35245,193.9167,91.41667,1114,999,101,12,2,92,1268,4825,2.681113,1194,224,24,23,74,285,541,0,139,2.517773,51.32,2.2,0.57,0.2,2399,1231,848,222,98,6752,82,740,946,490,101,40,224502.6386,141133.5796,18308.96848,9369.50949,122946.5769,22351.13759,4647.2861,111655.7077,86856.89273,1324,1324,305,779,156
13972,10058,886,140,282,124,2378,665.6519,5621.923406,922.3490324,4133.77122,15110,4.756059175,7779,7331,6469,6601,2657,3483,5531,2447,992,29.47637,38.15176,67.62813,40.53944,3456,8.471211,-1.32363,78.75579,66.3137,12.44209,2.16,22.87227,3128,113,85,54,59,2.148882,173.4167,70.83333,1923,1664,215,36,8,187,6520,9466,2.497033,3177,335,33,113,194,1935,526,9,43,2.975496,47.97,2.2,0.57,0.2,3900,2380,1313,136,71,8570,270,2287,988,225,66,64,154985.7997,52941.11119,3192.56059,29488.72666,92181.60039,20863.3318,6339.24422,85436.85568,58687.36249,3221,1284,305,621,5254
16008,11776,1383,146,48,93,2450,511.0224,7055.70463,3134.103583,3262.387102,23044,23.18309859,11536,11508,9977,9908,5066,6370,7572,3008,1028,36.33625,28.9485,65.28475,34.17553,10011,4.426315,5.988544,122.8085,93.12619,29.68235,2.56,43.44298,5955,1337,991,1102,594,6.590827,610.75,282.6667,1663,1309,275,72,7,34,4836,15489,5.739499,994,176,35,120,254,42,354,1,124,0.400464,31.39,2.6,0.81,3,1467,732,479,174,82,9489,155,439,335,118,91,329,277608.0687,85333.88188,11449.95348,44716.33127,122351.4388,39644.03191,23483.80639,108757.3985,85653.12047,2640,2640,582,1333,6630
13691,10965,721,92,59,166,1538,623.9686,7434.518633,750.7306034,5357.948777,17573,6.122996516,8936,8637,7520,7347,3561,4895,5994,2290,833,32.70273,28.68032,61.38305,36.37555,5804,7.568429,3.072896,69.65231,69.19706,0.455244,2.49,33.02794,4515,738,149,268,129,3.666058,488.5,207.9167,1224,1045,147,24,8,30,3374,7813,4.951989,2870,242,25,157,125,1298,786,42,42,0.856164,37.76,2.5,0.72,0.4,2513,1483,744,224,62,8760,155,1176,622,230,196,134,174074.27,81451.61895,1706.6576,31675.12494,90225.00888,16692.1716,10864.13069,92259.4617,53817.78255,2571,1898,336,1071,6153
14212,11715,692,45,52,66,1506,439.9339,8948.087271,3295.251453,4387.935437,26629,7.970368153,13956,12673,12641,9894,5345,7646,8492,3517,1629,33.12058,31.88747,65.00806,46.31788,12493,9.463367,-0.03755,138.8712,127.6803,11.19081,2,46.91502,7425,1506,2169,874,484,7.35066,768.1667,320.1667,1896,1668,180,45,3,72,1288,11020,6.484247,3341,367,31,33,210,1692,846,8,92,1.056837,43.64,2,0.63,0.1,3459,1665,1103,494,197,15518,211,1186,1099,405,224,334,134688.0222,78002.51965,5618.81633,38479.0192,157538.1448,21986.36423,29924.6632,142216.6168,87969.74128,3339,2257,427,1229,5886
9435,7720,455,22,31,51,999,485.8707,6621.371407,2577.07894,3215.662131,15889,41.48563969,8304,7585,6979,6412,2965,4593,5107,2153,1071,30.56701,33.23711,63.80412,49.74454,5802,7.804141,4.65731,100.321,91.57279,8.748191,2.12,36.51583,4674,448,266,150,247,4.3506,406.5,179.0833,1331,1119,178,31,3,89,1041,9410,5.121351,383,156,37,16,77,18,81,2,76,0.2149,39.01,2.1,0.67,0.1,1429,515,541,219,154,8376,85,392,422,220,155,155,140888.196,73125.998,17595.777,19103.346,108863.4634,3899.48247,11913.01362,118212.8135,56743.95375,7070,1938,295,995,5642
4942,4001,267,19,51,59,499,527.4189,3136.967861,634.0401654,1965.470344,7586,3.868434472,3844,3742,3166,3246,1527,1861,2576,1084,538,34.41515,36.55623,70.97138,49.631,2106,11.33667,-1.31822,61.1653,63.40627,-2.24097,2.16,27.76167,1485,226,88,249,51,8.115561,184,65.75,501,430,60,9,2,44,1697,2144,4.637691,1961,137,13,57,68,1081,585,17,8,8.808542,47.24,2.2,0.55,0,1583,809,516,141,117,4121,68,609,567,233,69,37,71956.02335,43259.39275,7249.02718,24424.58892,58370.52014,7059.15125,3020.58075,57141.95212,17768.70215,923,923,166,484,700
8893,7176,490,39,30,112,933,550.4334,5107.921861,2396.335408,1990.478584,13037,17.08650066,6772,6265,5099,5932,2372,2532,4653,2462,1018,33.01322,48.43424,81.44746,41.3485,2184,10.66196,-4.21876,89.82128,83.7616,6.059676,2.15,16.75232,1156,187,459,194,170,2.634011,160.5833,73.08333,1088,918,139,27,4,36,1557,8271,2.538679,763,245,17,28,89,166,197,12,6,1.353612,51.13,2.2,0.53,2,2489,1328,879,169,113,6575,97,1037,1056,222,32,45,90800.62622,51795.97263,13846.0048,18199.83513,64402.45148,3415.78585,3014.01044,70316.25828,49240.8265,1356,1294,245,727,356
6184,4863,350,58,236,74,513,595.3722,2884.012259,533.9616059,1734.638585,8168,3.306882591,4205,3963,3469,3575,1715,1928,2977,1063,485,34.96432,31.55963,66.52396,45.62559,1636,8.4476,3.550441,69.17238,66.60137,2.571009,2.3,20.02938,1076,450,41,25,43,2.29064,93.16667,47.33333,749,654,81,13,1,255,1308,3174,1.979017,2470,167,15,25,145,639,1477,4,41,1.233015,47.67,2.3,0.61,0.4,1811,961,439,300,111,3974,92,993,541,153,28,4,95530.17011,16771.78824,2573.45505,8505.60087,35595.80318,6719.87391,2869.07218,35037.81295,19595.82697,1482,1482,251,687,2275
10676,8222,743,152,41,98,1333,463.9169,7799.518769,3514.781451,3033.159636,17723,10.63805522,9117,8606,7087,8146,3268,4140,6204,2828,1283,31.59319,39.74285,71.33604,45.36775,3603,9.422784,-0.73351,67.03154,60.5428,6.488743,2.19,20.32952,2237,756,328,134,119,3.111868,274.3333,115.75,1246,1008,187,46,5,38,3842,9260,2.920916,1666,236,36,162,249,672,267,38,75,0.3141,44.89,2.2,0.57,0.3,3804,2741,753,212,98,8596,139,1570,1553,383,84,75,188660.4949,113656.803,27935.06251,29718.62531,88932.09405,19351.24169,3899.01969,76937.92807,52793.88766,4756,1664,344,836,2770
6374,5230,211,8,35,29,777,482.9178,4628.518866,2201.698881,1856.024394,10830,22.70440252,5623,5207,4493,4891,2279,2159,4124,1577,691,36.27248,36.09741,72.36989,43.81737,2119,6.832872,1.385042,82.17913,60.84949,21.32964,2.24,19.56602,1642,187,143,48,94,1.604833,141.6667,64,734,663,59,9,3,26,996,3878,2.600761,477,136,17,13,56,111,141,1,41,1.46379,49.43,2.2,0.58,0.5,1851,947,687,187,30,5192,77,547,863,319,40,5,139514.6611,61741.66112,19966.66907,17784.7779,78872.19236,10042.28157,2708.2689,78756.141,49295.67745,1150,1150,227,715,155
7716,6076,402,178,178,47,775,556.7672,4883.135945,1393.528486,2839.874633,10913,5.810969116,5455,5458,4574,5046,2391,2777,3970,1303,472,35.43797,26.30799,61.74596,36.2241,2737,5.772931,4.215156,56.17154,53.33089,2.840649,2.39,25.08018,1916,586,125,52,54,2.414079,179.1667,77.83333,606,534,58,13,1,124,1118,3005,3.002908,1878,178,15,69,83,686,789,59,48,1.503759,47.31,2.4,0.59,0.6,2423,1692,511,161,59,4921,183,1431,626,136,37,10,159159.6719,22825.01076,1988.80924,9604.52923,54496.17263,16737.41186,1514.14649,45896.51051,28271.9076,1403,1403,254,680,4254
5993,4696,314,103,47,47,717,463.9399,4765.420801,2080.348694,1990.787119,10122,11.4892168,5134,4988,4268,4615,2022,2614,3492,1546,448,33.11497,32.6564,65.77137,28.97801,1742,6.421656,4.346967,90.19957,75.28156,14.918,2.21,17.21004,777,495,273,154,37,4.322911,115.9167,47.33333,527,419,90,15,3,23,921,4279,2.137326,881,121,65,46,67,240,342,3,52,0.888246,42.79,2.2,0.58,0.7,1631,922,506,118,85,4841,74,767,586,166,23,15,46770.58669,26899.74062,6492.15804,15180.23248,39854.68993,2869.1595,1402.62405,49125.5965,26109.5853,1467,1115,196,560,546
7528,5693,626,64,21,46,993,469.7582,5083.281593,2381.063989,1796.707703,12119,16.85535466,6216,5903,5040,5297,2257,2992,4310,1647,913,30.90934,35.05889,65.96823,55.43412,3096,9.489232,0.247545,90.9316,73.52092,17.41068,2.18,25.54666,1691,737,292,270,102,3.966053,192.9167,85.66667,970,767,156,43,4,32,1894,9438,3.135433,719,170,90,67,90,174,112,14,33,0.711503,44.51,2.2,0.58,0.4,2662,1945,531,130,56,5903,120,1260,932,230,80,40,129488.6944,90527.39769,6817.39775,15625.93269,56021.78607,9293.22812,1401.24619,56615.46038,37606.36622,3312,1175,209,610,2769
7772,6053,414,16,202,45,906,488.3027,5414.097589,2108.403817,2332.129211,12396,7.86049461,6443,5953,4932,5759,2462,2657,4325,2152,800,35.2621,42.28015,77.54225,37.17472,1349,7.583091,0.242014,72.76541,56.30849,16.45692,2.23,10.88254,683,350,184,78,38,3.278957,122.9167,52.25,797,675,103,17,2,275,1492,4638,1.840656,1577,201,27,26,87,249,979,13,121,1.217275,48.4,2.2,0.57,0,2471,1430,697,252,92,5997,105,1182,891,259,27,7,71625.90565,37880.1324,6599.83269,27848.92321,68555.0552,17738.13901,3562.78275,73712.50919,30156.80175,1388,1388,284,676,616
19576,15773,1052,92,43,279,2160,467.0437,14185.68202,5802.350408,5947.209061,33772,18.69988926,17404,16368,16412,12043,6354,10773,10751,3893,2001,29.52054,27.38339,56.90392,51.39995,11312,9.504915,1.80623,93.36136,94.22006,-0.8587,2,33.4952,7612,1001,1079,1133,474,9.622686,1217.333,560.6667,3469,2837,529,98,5,57,5013,26620,7.008068,1806,326,78,55,183,970,181,3,4,1.174942,41.15,2,0.61,0.2,3686,998,1658,718,312,19235,129,669,940,798,627,523,472761.9562,241198.2044,7339.5529,34976.88096,247325.3503,18297.86234,40085.09,245480.5044,151760.4553,7698,3481,639,1811,6458
6732,5380,422,68,25,59,703,516.9597,4405.179731,1749.149685,2060.127783,10407,13.00875,5218,5189,4068,4640,1932,2830,3427,1511,707,30.87742,35.4483,66.32572,46.79021,4206,11.14634,-1.82569,80.90708,70.14509,10.76199,2.09,40.41511,2003,1695,275,175,56,4.711128,273.5833,94.66667,753,637,96,19,1,38,2017,3674,5.128353,800,121,21,44,71,407,108,26,12,1.080784,44.12,2.1,0.58,0.2,1691,914,532,158,87,5459,60,594,633,238,94,72,76890.373,36887.451,12706.969,16275.708,57693.33284,6837.22205,1947.85733,59385.68613,31596.03153,985,876,196,449,2937
13476,10982,750,88,68,142,1312,541.7324,8301.938364,3242.214314,3727.811195,20272,29.81176471,10375,9897,9138,8527,4267,5922,6930,2285,868,33.20106,24.53315,57.7342,37.98687,8232,6.21547,7.350039,95.99448,92.19613,3.798343,2.21,40.60773,6235,756,423,267,508,3.200916,507.5833,238.5,2138,1844,236,51,7,35,1863,14034,4.614024,680,186,31,54,97,53,266,0,318,0.343549,40.09,2.2,0.65,1.6,1863,663,755,299,146,11061,131,416,532,361,190,233,283658.7259,90597.46966,13847.94955,48835.1744,169205.9177,35805.21813,17527.09645,150192.9173,97019.41791,4833,2542,471,1323,5724
7012,5539,335,17,56,45,907,492.5745,4793.865199,2010.621928,2096.267551,11245,14.252218,5852,5393,4517,5191,2248,2430,4097,1774,696,34.44155,37.84281,72.28436,39.23337,2529,7.29213,0.711427,76.92308,63.49489,13.42819,2.27,22.49,1687,338,211,112,167,2.9086,146.9167,69.66667,696,624,61,11,0,51,363,3278,2.498729,789,172,26,26,57,154,348,3,87,0.737658,49.51,2.3,0.56,0,2552,1880,517,123,32,5287,125,1259,872,246,29,21,99949.90053,59576.57433,20927.97254,13217.19006,59264.97153,17323.59255,2289.02522,53306.98825,34241.3352,2164,1218,212,629,93
9735,7954,441,77,126,76,1005,588.7055,6422.147217,1099.081123,4567.109978,13511,10.51439689,6698,6813,5590,6260,2711,4035,4653,1549,563,31.20396,24.30939,55.51335,36.34603,4696,8.363556,3.330619,89.48264,73.6437,15.83895,2.27,34.75686,2382,1962,182,105,64,2.120595,299.0833,134.1667,674,563,95,16,0,137,1355,3768,4.030324,1285,198,17,101,79,435,457,0,11,4.394757,44.55,2.3,0.6,0.1,2381,1477,635,208,61,6485,145,1218,679,199,122,18,182146.0624,24112.58087,4006.11958,10091.95396,53562.18813,11237.71906,732.40028,51136.45679,31550.11285,1345,1345,271,709,4280
9929,7782,800,45,22,151,1021,428.3827,8156.578132,3478.09639,2976.955027,18166,15.8102698,9221,8945,8635,6833,2925,6150,5653,2217,1221,24.78184,29.12819,53.91002,55.07442,5244,10.18386,1.81658,101.5083,83.34251,18.1658,1.99,28.86711,2273,1693,844,273,143,6.448719,337.0833,148.1667,1752,1424,251,65,12,9,2694,17786,3.454012,1149,179,36,116,133,479,145,52,597,2.747977,43.85,2,0.58,0.4,3113,1519,1006,413,175,10626,27,785,1483,423,212,183,237931.059,92437.508,40949.782,16566.776,103614.0991,13827.32196,11542.52196,102446.1033,73645.8381,5446,1800,280,786,2581
10739,7887,322,28,9,24,2393,418.9641,6044.217886,2490.217145,2852.146386,18825,66.75531915,9780,9045,8125,7815,4169,4806,6173,2495,1182,37.97249,33.49121,71.4637,47.37475,6901,8.711819,2.921647,93.86454,93.97078,-0.10624,2.44,36.6587,4866,742,269,521,498,6.595117,501.1667,221.0833,663,584,64,14,1,3,780,3440,5.705499,282,144,36,1,37,37,17,10,67,0.1207,32.6,2.4,0.78,0.9,1274,778,381,82,33,8285,112,479,376,118,29,160,93832.35602,40851.38695,10788.47889,21876.77313,45979.52247,3373.60792,8563.2344,51181.52592,36586.25822,2157,2157,423,1119,6631
12026,9780,805,132,14,45,1159,499.0051,8175.237517,4159.837736,3243.073158,19599,35.0608229,9412,10187,9263,8027,3778,7616,5868,1668,669,28.01839,17.33165,45.35004,40.10791,8931,5.051278,10.40869,150.3648,108.0157,42.3491,2.2,45.56865,4699,2195,1335,362,324,5.118977,624.5833,265.9167,1267,1005,199,51,12,13,1562,17778,6.337074,559,151,36,52,109,87,112,12,680,1.106934,37.81,2.2,0.73,1.3,1491,484,782,159,66,9576,41,430,475,255,98,192,171483.1085,120666.3085,21682.06538,34128.03001,131111.2217,11178.19835,3877.60468,142952.2007,97199.78255,1713,1713,401,904,66
8794,6899,468,49,20,117,1165,402.8143,7347.734168,3691.758863,2649.523017,17127,28.73657718,8785,8342,7281,7213,3115,4662,5723,2586,1041,29.99519,34.92537,64.92056,40.25522,5027,7.999066,2.218719,94.52911,76.37064,18.15846,2.04,29.35132,2667,959,780,427,169,8.083155,375.9167,147.3333,695,571,95,27,2,21,2030,4986,4.328345,596,153,17,31,52,152,191,0,52,1.697905,40.2,2,0.62,0.5,1873,637,1098,93,45,9070,41,619,730,321,86,76,140854.7806,81160.7284,40999.28725,32284.71474,112387.02,9131.32644,4914.6403,95239.75822,42078.62116,1590,1584,316,893,363
6132,5038,346,13,166,28,494,531.0985,3494.214547,482.9228318,2374.778464,9486,3.923076923,4815,4671,4101,4056,2237,2507,3153,1118,471,39.52297,28.0742,67.59717,42.1288,3729,8.117225,2.740881,80.32891,80.22349,0.105419,2.3,39.31056,2405,728,189,293,114,7.494715,291.6667,119.8333,779,649,105,24,1,101,1045,5527,6.146759,2418,159,68,70,263,358,1454,44,36,0.567067,40.62,2.3,0.66,0.2,1503,803,362,234,104,4585,179,766,323,147,71,17,67341.62846,37049.51906,5758.26106,9788.07247,47125.51115,10796.14639,3408.67507,52097.77999,18536.80994,2733,1554,238,706,5822
3640,2885,222,56,0,33,415,486.8377,2290.290095,687.9298663,1355.573811,5926,17.42941176,3060,2866,2594,2319,1279,1571,1956,708,412,36.26311,31.75503,68.01815,58.19209,2017,9.449882,1.012487,93.65508,94.49882,-0.84374,2.15,34.03645,1518,185,90,151,72,9.477952,231.3333,98.83333,329,282,43,4,0,2,383,1440,7.657949,340,62,6,7,16,241,10,0,34,1.306533,39.87,2.2,0.63,0.1,792,297,356,105,34,2985,14,187,362,141,72,16,50048.28148,16213.6204,2909.75158,7599.21344,25365.54844,858.6663,1353.25549,28026.82805,14815.97831,912,912,167,336,6412
7834,6186,349,57,176,72,887,525.3949,5025.165701,1668.116592,2512.077858,11774,6.034853921,6016,5758,4924,5239,2384,2924,4183,1685,598,33.54439,32.12326,65.66765,35.48961,2286,6.964498,3.821981,88.92475,66.67233,22.25242,2.25,19.41566,1469,552,148,72,39,2.069146,172.75,74.66667,809,691,99,18,1,147,1685,3868,2.877291,1951,193,24,42,83,451,822,230,150,4.033704,47.12,2.3,0.59,0.2,2033,1132,591,215,95,5578,94,757,878,218,61,25,125750.4583,37643.58241,14952.03394,5466.61062,67761.74424,11038.54966,3379.77798,57986.66656,35987.03195,1159,1145,250,669,177
8694,5823,759,93,31,127,1761,550.8467,3964.525106,1148.409368,2238.015928,10571,18.07008547,5407,5164,5007,4347,2849,2447,3854,1059,362,45.21505,22.55198,67.76702,34.18319,2405,4.351528,4.351528,86.65216,70.94882,15.70334,2.94,22.75092,1665,251,108,219,160,3.866976,211.5833,104.4167,917,707,161,41,8,43,7405,7106,4.350353,585,146,13,67,73,21,259,0,11,0.228833,36.69,2.9,0.75,1.7,1749,1301,324,85,39,3933,212,823,536,70,75,33,314956.0461,172908.9935,3540.14961,27527.37643,71342.87893,21515.97046,11202.1678,69862.65486,62008.21018,4062,1825,251,862,6633
4692,3845,310,32,63,66,343,559.1914,2676.198873,276.0055483,1724.200654,6876,4.658536585,3467,3409,3062,2626,1262,1758,2341,1018,497,30.788,36.96023,67.74823,48.82122,1354,11.3438,-3.0541,77.37056,67.19023,10.18034,2.03,19.69168,811,141,130,233,35,5.066628,201.75,80.91667,796,677,100,16,3,58,1461,4848,6.105311,1476,158,22,77,107,591,509,12,15,3.192298,49.63,2,0.53,2.7,1663,925,347,226,165,3947,70,719,515,254,82,23,68327.2078,24354.72605,3708.33806,8270.54091,45716.52743,7687.3828,1689.53788,43477.3921,25238.36625,3061,1547,116,483,6800
10674,8201,885,409,46,85,970,507.7075,6707.292655,2746.434828,3127.885051,16153,15.09626168,8120,8033,6535,7412,3011,4552,5441,2295,854,30.13109,31.51206,61.64315,37.21133,6485,8.048041,1.733424,81.84238,66.73683,15.10555,2.21,40.14734,2962,2908,347,151,114,5.642219,413,166.1667,1126,859,208,55,4,49,3305,10207,4.964645,1070,159,31,147,125,302,295,11,223,1.20922,39.78,2.2,0.63,0.6,2544,1598,701,179,66,7939,94,1106,783,332,147,82,120988.9446,100801.3298,20149.2469,15943.07278,75370.53033,4172.92042,4559.92707,79101.42547,49738.92934,1671,1671,323,862,2831
6518,5234,323,13,4,15,853,433.8888,4706.841585,2061.990853,2187.775757,12063,54.83181818,6255,5808,5407,4842,2397,3658,3698,1580,730,32.58564,31.40294,63.98858,46.20253,5101,7.792423,3.647517,114.2336,110.8348,3.398823,2.01,42.28633,3501,623,283,432,255,7.971257,359.3333,147.1667,551,439,87,23,2,3,730,5485,5.964212,220,113,20,14,33,15,24,0,3,0.383612,34.46,2,0.69,0.1,809,224,452,94,39,6517,23,198,314,154,57,63,82034.54629,34420.21234,13215.91583,11445.39335,71606.64365,16892.19926,14511.17408,61951.36011,38737.06743,1496,1496,244,770,5589
11083,9040,305,12,23,201,1375,503.0047,7068.348167,3017.56971,3502.943709,17972,30.66894198,9477,8495,7613,7605,3508,4229,6045,2831,1359,34.14444,40.78256,74.927,48.00424,5774,9.292232,0.612063,112.7866,102.7153,10.07122,2.13,32.12775,4489,358,307,174,427,2.122761,311.5,142.4167,1054,949,83,21,1,23,445,5394,3.537535,586,218,26,7,77,142,120,3,95,0.53396,47.85,2.1,0.57,0.6,1874,625,955,232,62,9364,61,410,706,412,241,44,179341.2335,91767.775,9629.607,31755.72,147658.2757,14597.37499,9961.60716,135092.8103,94784.06974,3205,2127,327,1013,5590
17113,13481,1068,111,163,198,1916,500,12546.36406,4168.791786,5728.761525,26962,12.11230907,13693,13269,11314,12029,5147,7135,9258,4003,1419,31.39755,33.07509,64.47264,35.44841,4925,7.714561,2.596247,51.40568,51.18315,0.222535,2.19,18.26645,3129,959,462,229,139,1.763721,344.3333,146.1667,2080,1754,267,55,4,124,3668,13149,2.268877,2226,382,56,79,186,657,783,13,80,1.393522,46.56,2.2,0.57,0.4,4191,2297,1230,436,228,13491,369,1482,1260,673,281,126,229460.0681,129247.6303,7941.31744,16302.07033,147261.8362,21943.71187,9374.12762,147354.043,80586.78946,4101,2783,488,1474,3340
13690,10547,947,267,167,254,1413,579.7922,7915.666292,2795.520836,4356.760656,18191,12.44254446,8996,9195,7638,8160,3766,5346,6143,2179,757,32.77918,25.55488,58.33406,34.74071,6299,6.541696,5.277335,80.09455,76.30147,3.793084,2.27,34.62701,3626,1861,441,187,180,4.119539,455.0833,186.5,1256,1057,159,36,4,74,2537,7823,4.637065,1462,209,31,107,118,349,613,19,327,0.527136,43.34,2.3,0.64,0.1,2134,1103,767,167,97,8347,107,752,723,333,125,94,177803.0303,101947.5823,12230.04359,32181.48454,131071.0514,12003.34625,2036.47235,123334.2328,70348.03757,1833,1833,381,1028,96
11034,8822,748,78,8,42,1164,429.8592,8247.956688,3591.824234,3997.394533,20523,69.56949153,10180,10343,9305,8594,4311,6506,6652,2148,906,32.76334,23.21021,55.97355,42.17877,10492,7.45505,4.482775,110.7538,115.9187,-5.16494,2.23,51.12313,6943,1911,486,700,437,7.230852,717.75,295.25,1139,916,179,41,3,30,2243,10831,6.719011,295,123,19,51,85,7,10,0,8,0.670347,32.04,2.2,0.76,0.1,1597,692,529,297,79,10144,122,355,574,217,138,191,139579.3431,52198.04934,13481.60264,25189.70211,101445.573,12191.38103,9311.9865,99060.26968,48972.05501,2291,2291,427,1268,5591
8310,6888,355,149,21,41,781,516.458,5952.464717,2327.631101,2734.937968,13337,8.314837905,6723,6614,5501,5913,2376,3733,4764,1793,671,27.96281,28.99847,56.96128,37.42331,4201,6.973082,4.123866,77.37872,62.45782,14.9209,2.11,31.49884,2979,831,228,71,87,3.96032,250.0833,108.4167,917,789,108,16,4,18,1308,6365,3.588199,1604,135,31,95,106,799,333,105,170,2.725799,46.8,2.1,0.57,0.2,1901,1041,532,254,74,6787,151,686,477,350,195,42,307467.6348,107827.826,16841.84621,10261.96688,74756.78539,10300.79133,5805.74048,77612.44437,43051.23805,2177,1341,269,622,4258
8525,6908,363,87,93,68,915,517.3757,6016.022409,2196.037103,3292.339616,13352,17.73173971,6813,6539,5738,5906,2904,3220,4807,1809,612,36.1779,30.16071,66.33861,33.83085,2653,6.216297,4.119233,68.37927,61.93829,6.440983,2.3,19.86968,1924,302,182,117,108,1.962419,220.3333,82,780,704,62,13,1,72,1434,2627,2.934643,753,182,20,27,81,54,383,4,31,0.875628,48.44,2.3,0.59,0.1,2402,1439,649,234,80,6167,309,612,840,490,89,62,97406.17436,57097.42836,18322.24627,11142.67231,82043.15127,8608.34171,2303.72766,75516.80469,46262.73743,1389,1389,295,797,138
10570,8395,409,44,55,21,1571,401.7708,7957.189773,3654.543438,2581.654987,20895,19.22263109,11118,9777,8026,9576,4111,3710,7550,3486,2038,36.50977,49.05861,85.56838,58.46242,5316,10.24168,-3.06293,69.58603,56.80785,12.77818,2.16,25.44149,4057,592,291,96,266,3.485513,199.5,89.66667,1005,908,80,17,0,33,607,4363,2.085157,1087,303,123,8,84,271,277,23,51,0.748916,47.53,2.2,0.55,0.2,4141,2722,1052,313,54,10148,67,1623,1837,510,88,16,508512.972,168016.019,35512.425,-1449.081,126862.967,8024,12806.826,136044.494,95970.908,1843,1648,393,1166,2703
9004,6965,594,250,147,135,825,672.6219,5350.550298,1702.391059,2934.655061,10355,6.968371467,4969,5386,4695,4655,2123,3084,3928,973,247,30.27667,17.39875,47.67541,25.38541,2818,4.152583,9.560599,71.6562,73.3945,-1.73829,2.44,27.21391,1786,698,195,52,74,2.287773,119.1667,53.66667,1067,902,129,35,1,128,4054,6482,1.795801,1486,164,91,58,115,217,809,5,22,0.043337,45.99,2.4,0.64,1.6,1234,560,483,115,76,4615,33,417,442,194,119,29,71670.53022,64270.14654,15101.92081,3062.02248,49237.63346,3910.00315,1761.4401,53339.79016,34089.3899,1072,1072,261,577,1707
7048,5719,344,33,89,71,718,529.39,4666.562123,954.0296163,2675.063833,10803,12.37457045,5496,5307,4409,4830,2044,2913,3652,1547,647,31.13481,33.41965,64.55446,41.82288,3365,11.47829,-1.48107,69.33259,64.24141,5.091178,2.23,31.14875,1787,1300,178,72,26,2.06454,197.3333,91.33333,640,544,74,20,2,58,2070,3505,3.613576,873,163,26,54,71,202,339,11,158,3.915454,47.53,2.2,0.56,1.8,2122,1139,631,211,141,5772,143,986,607,301,66,19,70469.73708,41985.55842,9327.22476,9647.12146,48100.90484,4735.677,3255.59112,48364.09263,32088.13738,1837,1180,202,563,4436
5387,4410,250,30,3,45,599,468.75,3468.835635,822.8020006,1886.637654,9408,52.85393258,4647,4761,3955,3837,1757,2790,3127,1206,528,29.6941,29.30539,58.99949,43.78109,4552,9.034864,2.657313,110.9694,94.06888,16.90051,2.04,48.38435,2518,1702,160,119,50,4.330367,266.9167,106.5,800,685,100,13,2,2,1428,4330,6.095036,178,80,20,19,46,1,11,0,90,3.886203,40.89,2.1,0.59,0.3,1229,291,545,258,135,5378,13,192,399,399,153,73,114355.3926,76779.97397,24137.47543,10485.4228,56494.13294,4753.0957,4002.55348,56458.11666,22676.34945,3058,809,180,448,3215
7754,6258,370,34,103,55,843,517.7892,5334.836332,1793.386322,2886.891739,12086,12.0139165,6062,6024,5122,5274,2369,3298,4187,1603,629,31.64997,29.81964,61.46961,39.23893,2873,8.356776,0.910144,77.2795,76.53483,0.744663,2.22,23.77131,1663,784,180,161,83,4.615257,271.25,109.8333,830,729,85,16,0,65,1232,3370,4.120394,1006,171,20,30,78,341,349,9,47,1.745505,43.67,2.2,0.59,0.3,2187,1268,589,249,81,5729,104,826,833,337,66,21,123669.6657,48288.95167,7358.04029,17848.55028,106116.1954,11129.77879,1847.88485,97836.55159,29658.87305,2397,1220,233,691,118
8635,6309,531,128,458,106,943,616.5347,4833.318495,676.0385667,3128.9309,10233,1.399480306,5086,5147,4420,4602,1909,2566,3704,1549,505,30.44657,32.75917,63.20574,32.60168,1560,8.01329,0.586338,62.93365,64.30177,-1.36812,2.29,15.2448,1023,317,130,62,19,1.437091,59.83333,23.58333,1287,1121,145,18,3,364,1998,5854,1.047476,7312,223,15,47,150,3717,2850,81,41,0.116709,49.04,2.3,0.57,0.2,2212,972,775,312,153,5141,76,944,833,247,100,12,92609.26365,48230.70615,41730.40886,4832.63285,56228.97353,8280.08672,2737.31612,92708.71335,74934.15605,1847,1158,123,586,1407
23619,18050,1516,264,336,245,2798,499.3361,16173.05363,6527.67794,6937.525826,36148,8.63957935,18530,17618,15457,15238,6414,9918,12235,5192,2389,28.95319,34.2211,63.17429,46.0131,10286,10.06971,-0.35963,63.24001,56.79429,6.445723,2.09,28.45524,5814,2539,1141,513,243,3.293646,761.4167,311.5,3057,2580,389,81,7,97,6356,19665,3.916257,4184,526,107,158,249,2236,850,47,67,1.479244,47.63,2.1,0.55,1.2,6559,3612,1916,656,375,19199,209,2503,2381,839,419,208,348593.4421,204033.7375,21823.30312,56600.49298,195437.2063,19302.54163,20911.91586,216364.4326,131316.8233,6292,3493,628,1721,2939
16729,13373,1666,313,21,212,1072,713.2647,7926.949617,3710.04868,3357.895868,18749,28.45068285,9097,9652,8307,8208,3638,6514,6069,1726,802,28.91202,20.0906,49.00262,46.46582,8697,6.987039,6.080324,107.9524,96.8585,11.09393,2.25,46.38647,5266,2147,772,230,273,5.04525,599.75,235.0833,1364,1068,227,61,8,18,3041,14192,6.098673,659,125,36,105,71,191,116,10,290,0.273816,36.64,2.3,0.72,0.4,1480,511,670,199,100,8765,37,386,492,269,140,156,172500.2934,91340.20041,15228.24771,13463.54587,136622.4071,19400.99726,2680.6498,129058.6262,64553.41905,1737,1737,406,924,247
12014,8675,740,126,517,196,1543,582.8015,7034.67754,1062.543084,4098.650496,14885,2.798984581,7383,7502,6768,6381,2972,4028,5206,1941,738,32.1854,29.01235,61.19775,38.02164,2673,8.733624,1.074908,51.05811,52.60329,-1.54518,2.33,17.95768,1439,909,195,100,27,1.373183,103.25,37.83333,1402,1174,190,35,3,428,3031,8752,1.160998,5318,233,24,92,145,2002,2517,116,23,2.691337,47.24,2.3,0.57,0.2,2802,1147,1400,104,151,7134,80,908,1101,526,149,38,93525.01566,25577.75066,5086.62987,15275.74435,65665.25718,19173.056,1339.78746,55753.76962,29695.42137,2377,1739,291,862,1372
13513,10821,791,115,84,122,1427,643.456,6372.524441,896.4768134,4525.410523,16817,8.790904339,8643,8174,7014,7157,3300,4501,5537,2548,931,32.87507,34.6583,67.53337,36.53846,5433,8.979009,0.059464,76.41077,70.88066,5.530118,2.21,32.30659,4141,515,299,382,86,3.105739,429.6667,176.4167,1432,1227,169,32,4,192,2567,8516,5.246043,1913,195,84,181,198,411,656,131,209,3.127072,43.87,2.2,0.63,0.5,2714,1406,1000,218,90,9050,148,1156,779,298,208,125,204882.671,67500.5201,3280.50011,22062.01856,81433.52941,19614.02046,9255.48594,76604.92781,47838.70916,2487,1893,344,1010,6248
27259,21176,2076,328,244,352,2807,616.4236,14027.18823,1777.911421,9259.694629,34353,9.851735016,17832,16521,15432,13894,6890,9665,11294,4602,1902,32.87371,31.03201,63.90572,41.32986,9671,7.946904,3.318487,79.09062,69.5718,9.518819,2.19,28.15184,6777,916,738,1025,191,3.42395,961.0833,391.5833,3800,3117,564,109,10,495,5673,27424,5.31601,3487,400,137,195,464,806,1255,146,184,1.467214,44.17,2.2,0.63,0.7,4808,2433,1673,451,251,18743,269,1995,1227,486,408,423,452377.5902,214007.2214,9374.17261,-15548.16636,290470.3948,28673.35254,22858.01593,204177.9206,106122.6294,11677,4355,629,1989,6266
11200,9195,669,48,35,174,922,550.6977,8365.079162,2452.543914,3707.336737,16697,26.58757962,8635,8062,8262,5792,2664,5266,5476,2232,1059,24.79985,30.63675,55.4366,47.44624,3528,10.36114,1.497275,82.88914,86.96173,-4.07259,2,21.12954,1756,1014,438,255,61,3.91723,281.25,123.5,2143,1745,328,66,4,41,2618,17911,2.969362,628,242,47,38,110,14,141,33,40,0.857172,48.51,2,0.56,0.4,3219,1453,946,461,359,9683,142,1061,1128,539,238,111,119062.042,83900.09423,25134.36431,13088.24409,105434.1002,13685.19976,22403.33293,106758.8603,72513.2588,5593,2079,245,855,2601
8030,6138,328,28,133,55,1176,482.8129,5825.326442,1854.714023,3201.597723,12713,7.61713601,6487,6226,4990,5760,2227,2779,4707,2094,906,29.74886,40.07481,69.82367,43.26648,1356,9.517816,-0.3933,81.64871,63.08503,18.56367,2.12,10.66625,871,178,219,48,30,3.262002,127.3333,60.33333,840,723,101,14,2,124,1135,4153,1.927677,1669,288,22,58,158,498,601,35,47,0.651511,46.79,2.1,0.56,0.1,3358,1771,1215,268,104,7214,94,1704,1258,249,39,14,50368.59026,32105.71427,8005.42907,15601.15751,63474.17673,3162.04045,2736.60941,61477.28833,31357.73385,1238,1147,206,626,768
7426,5924,745,73,50,37,551,513.7456,5039.487304,1485.839103,2902.274649,11531,13.40813953,5725,5806,4776,5474,2667,3552,3746,1234,332,36.54426,21.45793,58.00219,26.90438,5811,5.37681,10.05984,83.08039,68.16408,14.91631,2.45,50.39459,2652,2789,175,79,113,5.376344,367.5833,153.1667,749,578,139,28,4,47,1348,6776,5.952583,860,79,20,82,146,308,212,15,48,1.19121,35.74,2.5,0.73,0.1,978,508,360,69,41,4869,31,373,378,103,46,47,190428.1845,35252.60454,5934.83407,17646.80214,58542.29722,18955.2403,1202.00122,45595.24134,25831.06685,1493,1493,276,767,4040
43622,34366,3017,617,167,638,4325,455.2934,35279.91783,14171.46437,13368.27938,75481,19.16734383,38640,36841,36590,28463,13584,25112,23566,8980,4239,27.90583,27.156,55.06183,47.2049,23065,8.637935,2.927889,77.1055,80.44409,-3.33859,2.01,30.55736,13023,6442,1823,1235,454,4.417644,1357.833,590.8333,7123,5800,1045,244,34,198,11508,69868,3.243644,3938,859,154,203,389,1119,1139,53,179,1.779046,44.4,2,0.56,0.5,9871,3087,4377,1451,956,43113,114,2205,2696,2329,1658,869,1237451.949,687600.067,30198.2997,210828.0287,570086.8156,75009.02221,48317.32803,574496.1251,259334.0472,17967,7204,1326,3558,3203
4609,3659,395,82,28,131,275,719.7089,2726.051614,438.1599407,976.7999597,5084,1.772046009,2558,2526,2108,2285,772,1260,1988,795,269,23.76847,32.75862,56.52709,33.83648,2110,8.064516,-0.98348,109.166,97.75767,11.40834,1.88,41.50275,1973,73,22,12,26,0.552595,76.41667,38.33333,851,710,120,18,3,19,996,6130,2.191647,2869,151,33,15,59,573,754,91,77,3.876513,38.52,2,0.63,0.9,921,257,421,116,127,5701,44,219,252,177,128,101,246946.7543,74920.74171,12075.88566,31668.14136,100268.7427,42829.67431,11323.24638,70980.90005,44596.484,409,409,74,201,3787
6405,4896,410,45,77,59,792,587.5435,4210.527657,871.617502,2331.558864,8333,7.520758123,4162,4171,3855,3543,1629,2204,2964,1120,416,31.5209,29.72136,61.24226,37.14286,1183,7.320293,2.160086,77.88312,73.56294,4.320173,2.31,14.19657,638,180,238,93,27,1.220249,57.5,30.16667,1055,886,148,19,2,86,3169,6255,1.218045,1108,116,13,51,52,407,444,4,19,0.789809,47.3,2.3,0.6,0.2,1133,359,499,184,91,3925,11,224,461,279,122,36,68371.38036,22917.02551,15415.8887,1888.48546,33283.17113,3231.15083,1358.49814,38759.13782,22827.2829,2100,1035,132,449,1509
10765,8089,421,31,160,61,1748,512.5135,7964.068514,2356.764522,3981.983323,15783,11.8490991,8231,7552,6675,6906,2914,3964,5461,2427,1017,30.91777,36.54111,67.45889,41.90358,1701,9.630615,-0.25344,72.41969,66.40056,6.019135,2.15,10.77742,1089,341,160,68,39,3.135955,212.25,107.6667,833,717,99,15,2,165,1811,4279,2.248592,1332,231,15,41,79,391,564,16,31,0.213836,45.59,2.2,0.58,0.1,3250,1795,1070,285,100,7950,264,1361,1260,306,49,10,86935.79654,46124.98083,10215.4343,18683.04633,56881.64433,2717.0348,1320.37724,61911.61466,37911.19995,1681,1666,335,869,939
6584,5328,308,60,55,42,728,547.3035,4549.663006,1279.754041,2429.152242,9735,19.31547619,4878,4857,4109,4547,1993,2495,3625,1250,372,32.56536,26.50327,59.06863,29.76,2325,4.930663,6.574217,88.23832,78.8906,9.347714,2.35,23.8829,1523,551,123,42,80,1.812847,134,66.41667,996,821,151,22,2,46,1938,6477,2.53448,504,95,12,36,47,78,232,4,96,0.210035,46.01,2.4,0.6,0.2,1009,424,487,51,47,4285,17,258,366,180,106,82,128041.4098,93043.00776,33550.05355,2678.84794,52104.36263,9680.28928,1166.25335,46470.1253,28779.3833,986,986,204,573,1708
9184,7439,355,10,75,45,1176,520.5374,5978.471717,2423.104948,2693.664414,14291,16.63678696,7341,6950,5760,6481,2748,2947,5389,2346,861,32.96545,38.47169,71.43714,36.70077,2716,7.977048,-0.41984,69.41432,60.87748,8.536841,2.18,19.00497,1976,274,233,101,91,2.214699,203.5833,94.16667,1043,952,76,13,2,90,2449,3427,2.603151,859,221,21,26,66,157,361,2,43,2.43553,49.74,2.2,0.56,0.1,2701,1479,872,247,103,6980,147,809,1234,445,48,18,165299.2645,89142.2645,1517.27019,5556.71462,96806.63542,8887.8382,2393.62814,105062.7243,64725.30495,1450,1450,271,864,158
6154,4813,381,316,38,58,490,481.7818,4482.367579,1325.591201,2195.758355,9990,9.406779661,5110,4880,4409,4382,2229,2717,3445,1179,420,36.17332,25.94937,62.12269,35.62341,3228,7.607608,3.303303,94.39439,92.39239,2.002002,2.32,32.31231,1381,1159,398,246,44,4.281099,203.5833,94.08333,461,383,60,14,4,38,1015,4188,3.869127,1062,133,16,40,93,473,295,7,63,0.793301,44.43,2.3,0.61,0.6,1779,1236,445,60,38,4538,86,957,537,104,71,24,33002.48137,6754.25701,1584.69233,124.93127,6672.83675,779.19695,90.90371,6575.03534,5140.372,1254,1254,220,593,4012
9313,6878,877,164,41,190,1006,714.8945,4810.550171,1145.54981,2379.306615,9621,16.5025729,4936,4685,4632,3928,1806,3107,3030,1190,488,29.42806,27.34235,56.77041,41.0084,1588,8.626962,3.741815,89.59568,78.78599,10.80969,2.2,16.50556,849,519,141,46,32,2.391992,104.6667,41.25,1060,772,231,54,3,41,2569,10659,1.947498,583,116,22,72,93,127,148,2,99,0.929643,45.88,2.2,0.59,0.3,1326,494,558,144,130,4733,46,459,429,263,79,50,139043.8129,44296.46285,16502.97036,15547.77524,68960.64677,10896.74447,2813.33611,69989.17025,34367.52414,6322,1491,119,490,1103
10441,8528,374,44,20,33,1324,479.3974,8128.492117,4276.978895,3120.55627,17789,32.34363636,9108,8681,7815,7660,3543,4439,6491,2382,934,32.41537,30.33852,62.75389,39.21075,5007,7.645174,4.553376,73.47237,76.62038,-3.14801,2.15,28.14661,3668,513,334,88,349,2.53564,338.8333,141.6667,1281,1146,122,12,1,8,934,5479,3.418408,550,205,23,22,81,125,83,8,57,0.355358,45.37,2.2,0.6,0.1,2397,1026,1033,267,71,9005,52,573,1020,518,170,64,125628.8016,87941.80158,7351.77809,13227.13305,128311.8039,13336.30335,3592.25125,112948.531,70579.2065,1574,1574,384,913,141
26991,20400,1631,194,155,345,3587,468.2336,20407.46081,6746.39394,9158.463295,43568,20.19842374,22855,20713,18208,18438,7441,11203,14779,7226,2919,28.63906,39.04626,67.68532,40.39579,5812,10.67297,-0.82629,61.94914,59.58502,2.36412,2.05,13.34007,3260,1464,668,248,156,4.698851,699.6667,310.4167,3243,2684,464,89,6,136,5912,22155,2.91534,2157,579,95,140,262,434,604,24,91,0.191873,42.95,2.1,0.59,0,7540,3474,2942,692,432,23453,288,3182,2861,825,240,144,346370.061,268466.959,36344.853,70058.638,237780.521,15209.962,12015.394,235705.496,116242.324,9030,3833,709,2033,942
8884,6487,430,5,9,18,1890,466.4893,4730.739946,2113.32427,2137.258822,13906,36.40314136,7253,6653,6025,5781,2961,3465,4885,1813,782,35.46108,31.07784,66.53892,43.13293,4667,5.824824,3.164102,101.1793,115.274,-14.0946,2.48,33.56105,3228,380,290,425,337,6.205661,346.4167,146.6667,668,588,69,7,4,8,1328,4433,5.457296,382,205,14,12,45,17,87,4,17,0.32,35.88,2.5,0.75,0.9,1734,1330,259,114,31,6250,224,779,478,54,85,114,143715.1141,55863.06297,22294.35296,17814.43744,37851.91262,7153.07392,9568.46773,37029.13866,31196.04609,1649,1649,290,709,6640
8946,7322,681,77,27,54,715,758.2065,4543.641533,1750.412888,2258.008423,9657,12.74010554,4911,4746,4041,4360,1983,2540,3250,1336,548,34.2487,32.53886,66.78756,41.01796,2249,6.834421,4.349177,75.17863,83.25567,-8.07704,2.17,23.28881,1554,462,95,61,71,2.332783,190.8333,78.91667,642,493,124,25,0,23,1533,4763,3.531411,758,141,16,44,61,245,243,2,27,1.458601,42.86,2.2,0.63,0.1,1256,569,553,81,53,4662,65,471,454,178,45,43,90644.53678,41015.47278,20875.20084,7276.22447,52626.8361,1844.71936,3390.58959,59170.0172,40232.68263,1751,1397,212,583,250
20074,16088,972,83,275,244,2182,468.7782,16185.38174,7252.776288,6816.617189,34319,12.04598105,17368,16951,15317,14561,7019,9410,12024,4458,1408,32.74704,27.36773,60.11477,31.58367,7879,7.022349,4.633002,73.39957,65.12428,8.275299,2.23,22.95813,5258,1533,617,182,272,1.567019,771,332,2434,2123,269,37,5,181,3218,12931,3.945363,2849,419,59,107,236,759,1164,15,208,1.95104,44.99,2.2,0.61,0.2,5082,2852,1520,499,211,16299,423,1540,1964,800,242,113,286873.5455,165422.6309,22528.47662,24932.72589,224536.3842,35376.91809,22027.14438,206078.8854,110694.7687,5746,3835,756,1863,198
8726,6897,365,42,154,64,1114,538.1554,6040.869009,1075.810532,3790.561507,12816,8.844720497,6351,6465,5211,6120,2816,3450,4384,1597,569,35.94588,27.64871,63.59459,35.6293,3639,7.178527,2.574906,60.7834,60.08115,0.702247,2.43,28.39419,1400,1883,182,119,44,1.916908,215.9167,97.41667,647,563,70,13,1,97,3684,3148,2.889437,1449,209,24,69,117,254,744,28,20,1.152838,45.84,2.4,0.58,0.3,2615,1805,542,180,88,5725,117,1350,788,246,82,32,77572.07582,37265.41063,19428.85555,7028.10073,62510.36072,8524.30322,4762.2836,61234.16006,34875.61471,3413,1380,267,766,3408
21952,15544,1886,299,20,161,3787,444.3301,11360.85116,5324.245522,4993.504152,34983,45.49154746,17661,17322,15835,14480,7966,10044,11809,3770,1394,36.45266,23.63062,60.08328,36.97613,15569,5.516965,6.460281,101.8495,105.6799,-3.83043,2.57,44.50447,9504,1819,1214,1973,1030,8.001731,1017,447,1827,1500,267,52,8,6,5153,14101,6.143933,769,252,48,135,124,74,101,33,22,0.415829,31.49,2.6,0.82,2.2,2416,1504,645,169,98,14429,327,996,479,140,117,357,213848.1164,99412.50809,19430.94926,34940.63556,116303.7141,21366.71837,27578.1425,127836.8469,90244.30129,3928,3757,746,2263,6643
8099,6441,315,37,44,33,1143,486.2233,4069.782193,1467.332913,2191.084036,13247,12.61619048,6854,6393,6098,5474,3458,3305,4465,1457,562,44.5045,25.98456,70.48906,38.57241,5605,6.114592,3.472484,104.1745,115.2714,-11.0969,2.67,42.31147,3002,512,804,662,574,5.30046,301.5833,147.5833,669,598,58,11,2,29,475,3653,5.158093,1050,204,29,16,91,398,306,7,12,0.226159,36.66,2.7,0.74,3.2,1413,899,323,144,47,5306,141,553,461,94,50,114,139261.1756,75729.38349,10875.32211,22618.43723,42799.281,10578.97059,6380.1575,40661.70791,31536.94678,3461,2877,385,1373,6644
9329,7641,468,130,6,30,995,386.2993,7502.959264,2820.108792,2938.225271,19780,82.41666667,10223,9557,9622,7270,4044,6344,6486,1981,925,31.51988,22.65004,54.16991,46.69359,8597,7.836198,6.420627,117.998,108.4429,9.555106,2.09,43.46309,5703,1214,693,620,341,9.458695,602.75,263.5833,1849,1608,196,40,5,4,1103,13206,6.231815,240,122,16,11,64,11,7,6,135,0.360702,35.74,2.1,0.71,1.6,1238,278,514,323,123,10535,49,254,363,220,167,185,246455.597,151652.52,21363.18497,21802.474,131796.4457,7562.916,17019.3767,130861.3864,70918.51696,3288,2028,402,1110,5890
8018,5802,243,28,30,12,1849,502.9909,4035.316214,1156.006962,2434.989279,11535,17.74615385,5923,5612,5118,5045,2868,2510,4093,1323,741,43.4348,31.25852,74.69332,56.00907,3211,12.05028,-3.81448,103.5111,77.24317,26.26788,2.95,27.83702,2517,196,143,121,219,2.128981,199.75,97.41667,422,388,29,3,2,38,197,1870,4.010368,650,225,41,6,56,90,217,17,77,0.388633,41.34,3,0.68,1,2494,2133,285,45,31,4117,351,1200,819,101,17,6,105480.8885,35526.56168,3038.93612,20831.3871,26705.08788,5680.5963,5963.5046,27201.24508,23961.59798,1331,1331,353,962,6645
7427,6173,308,104,15,37,737,508.9875,5056.373843,1774.856044,2714.608631,12128,22.13138686,6172,5956,5607,5042,2827,3388,4070,1394,449,37.9056,24.71172,62.61732,32.20947,4096,6.266491,7.998021,90.36939,95.15172,-4.78232,2.41,33.77309,2470,686,282,538,115,4.579147,276.0833,120.0833,636,518,91,22,5,15,2287,6935,4.36826,548,150,13,42,77,95,160,8,19,0.46966,40.78,2.4,0.66,1.6,1390,734,493,101,62,5323,55,580,457,165,72,61,91471.64875,53315.31529,34320.04003,8758.97497,72208.14416,11380.3937,3243.84736,74668.39214,59939.67424,1055,1055,264,791,2228
6393,4511,587,183,78,273,642,583.8726,3070.500715,583.3827376,1346.479602,7726,5.853030303,3841,3885,3253,3485,1428,2230,2653,1040,375,29.24432,28.97809,58.2224,36.05769,1703,8.024851,2.459229,71.44706,66.14031,5.306756,2.25,22.04245,930,535,121,91,26,2.530985,81.58333,16.5,779,619,138,20,2,68,4172,5037,2.196513,1320,79,16,123,80,779,198,32,150,2.332778,47.5,2.2,0.61,0.6,928,342,385,126,75,4201,62,275,243,171,107,70,57858.20911,26234.19966,8496.16527,7753.63518,38732.43235,10475.16498,6469.45484,40696.58988,27454.21565,1967,952,141,424,6297
14481,10998,1008,109,117,587,1489,591.8631,8781.740899,2734.413099,5430.474332,18582,13.23504274,9227,9355,7809,8490,4094,4857,6747,2349,535,35.28094,24.8535,60.13444,22.77565,4580,5.489183,6.027338,76.6333,83.19879,-6.56549,2.42,24.64751,2634,1415,293,106,121,2.368364,405.9167,167.4167,1275,1038,195,38,4,74,3406,7644,3.847775,1404,213,34,136,135,336,526,3,43,0.557828,44.81,2.4,0.62,0.1,2465,1421,715,235,94,8067,180,769,928,409,119,60,129609.2914,76557.9404,26084.97593,8095.99436,108682.9072,21663.05271,4305.27452,94295.40528,57150.75885,2100,2100,460,1151,199
11734,9542,784,86,22,193,1024,598.8452,6759.030417,3059.783477,2938.274945,15934,24.81931464,7918,8016,7033,6901,3074,4983,5344,1774,759,29.76663,24.52794,54.29457,42.78467,4916,6.7152,5.836576,103.4266,92.63211,10.79453,2.18,30.85227,3234,902,418,158,195,2.834887,401.8333,178.0833,1375,1055,250,57,13,38,3608,16337,4.776453,642,169,20,44,133,136,136,3,97,0.954248,44.74,2.2,0.62,0.4,2060,946,795,224,95,7650,125,652,823,271,101,88,226091.8941,143041.6512,61166.24336,9749.37347,131772.0035,20176.19497,4949.72098,131910.9054,99529.46951,2160,1792,404,962,69
8893,6791,673,172,172,125,885,601.6123,5282.723021,1237.021222,2901.464417,11288,7.291989664,5607,5681,5005,4849,2154,3348,3648,1423,715,30.78902,30.56032,61.34934,50.24596,2536,7.61871,2.48051,75.47838,68.21403,7.264352,2.18,22.46634,1548,682,153,115,37,1.35872,166.8333,69.66667,998,802,171,23,2,137,2021,6870,2.567101,1548,203,23,105,90,332,767,20,66,2.809089,49.56,2.2,0.55,0.1,2139,1175,567,244,153,5589,129,1026,618,297,47,22,88584.59556,35575.21376,10573.52858,11362.90363,61389.60541,13257.778,3798.56641,56594.48813,40146.43907,4814,1118,211,589,4946
12555,9991,776,69,77,60,1432,486.5352,9574.4722,3359.649379,4652.510377,20535,19.37264151,10429,10106,8949,8659,3738,5553,7177,2758,1309,29.36371,31.94815,61.31186,47.46193,5562,9.057706,1.266131,74.16606,64.71877,9.447285,2.09,27.08546,3497,1356,456,106,138,3.236772,413.5,192.3333,1296,1112,152,31,1,113,2043,6432,3.666489,1060,230,32,46,111,405,217,20,32,0.439153,46.06,2.1,0.58,0.2,3329,1868,1033,299,129,10247,134,1352,1259,363,146,75,302819.1736,34379.55875,8555.76198,8081.20302,99699.05825,15483.731,7906.416,91943.798,56759.621,3135,2084,411,1018,4045
15877,12725,904,72,134,181,1667,516.4367,10934.72399,3840.884099,5378.962765,24640,14.6579417,12409,12231,10907,10429,4947,7441,8130,2960,1162,31.7706,26.47229,58.24289,39.25676,6241,7.386364,5.600649,77.02922,72.97078,4.058442,2.31,25.32873,3995,1550,329,222,139,3.961978,634.75,274.8333,1862,1602,225,29,6,96,3350,10565,4.681018,1681,295,29,94,107,276,651,57,201,1.357075,43.01,2.3,0.63,0.5,3250,1793,937,285,235,11569,380,1117,1036,412,197,108,265178.9647,100606.5647,10788.19189,30664.99165,171314.5766,25755.36958,6832.4756,153833.8514,68326.79425,7039,3261,504,1449,4182
16346,12584,1047,588,228,151,1580,529.8303,10916.81642,3167.467005,5847.450318,23751,11.40778098,12080,11671,10311,10238,4719,6860,7783,3141,1248,32.227,29.97337,62.20037,39.73257,6796,7.620732,5.094522,66.43931,70.39704,-3.95773,2.19,28.61353,2940,3018,454,280,86,4.221067,374.8333,160.1667,1879,1569,263,42,5,162,3259,11610,2.895236,2082,352,41,97,138,394,1041,11,32,1.469063,45.78,2.2,0.57,0.3,3805,1935,1138,448,284,11572,106,1554,1306,602,180,57,230339.0265,105777.3062,30537.68176,26739.50292,121931.0519,6217.76848,9791.17269,136286.8037,75781.43521,4265,2604,496,1275,3427
57062,44808,3375,631,283,724,6557,408.1804,51167.23673,23436.63828,17851.98252,109775,16.12678125,55945,53830,52167,43290,21637,35173,35201,12414,5350,30.74573,25.24228,55.98801,43.0965,26247,7.515372,3.962651,67.51993,56.65224,10.86768,2.16,23.90982,14818,7235,2014,1337,780,5.5104,2317.5,972.75,7724,6445,1063,189,27,244,12090,58299,3.850921,6807,1076,268,327,617,2755,1691,56,689,0.660109,42.91,2.2,0.62,0.1,15747,8187,5517,1357,686,54082,280,4791,6646,2684,907,439,2787050.329,892228.9796,231756.5947,167402.0212,1008942.906,168200.2482,65734.50001,925559.6697,386160.4062,24281,12141,2347,6373,230
11129,8992,629,112,90,99,1111,568.2508,6505.388738,1196.974038,4399.167253,15824,12.67948718,7793,8031,6360,7315,3233,4097,5666,2023,805,33.11482,28.96651,62.08133,39.79239,6033,8.657735,1.074317,79.68908,67.30283,12.38625,2.34,38.12563,3330,2142,336,139,79,4.153846,388.1667,162.4167,1094,928,137,29,0,59,1776,6016,4.855364,1248,230,29,66,94,346,474,5,75,2.767882,44.87,2.3,0.59,0.3,3180,2193,648,212,127,7298,228,1674,963,215,50,50,215238.195,64782.90052,16665.49518,18153.27264,69011.6678,8356.8844,3337.90287,66042.80074,35863.66105,3619,2021,317,907,4082
7556,5749,348,86,291,62,907,501.0895,5524.227436,2170.438732,2792.386398,11473,5.44259962,5908,5565,4656,5246,2172,2592,4145,1959,605,32.23987,38.05848,70.29835,30.8831,1955,8.541794,1.568901,76.17885,75.56873,0.610128,2.19,17.04001,987,398,267,213,79,4.961132,156.9167,69.66667,719,625,82,12,0,216,906,2813,2.455009,2108,197,16,34,82,443,1322,8,10,1.164875,46.55,2.2,0.56,0.5,2315,1254,685,293,83,5580,143,1071,852,198,30,21,62401.32859,40298.40932,14656.89653,19741.81313,52409.80126,7757.0969,1677.07495,59134.34462,29552.3453,1130,1130,206,666,6627
17586,14419,1010,99,120,146,1593,481.0021,11668.11584,3172.858671,6464.993712,29977,22.13958641,15414,14563,13365,12214,6507,8897,9339,3550,1684,35.68217,28.70147,64.38364,47.43662,11372,7.005371,6.338193,74.35701,71.45478,2.902225,2.24,37.93575,7286,2011,557,1204,290,7.656566,825.1667,355.6667,2121,1767,297,52,5,255,2441,15228,5.625606,1354,303,84,104,191,107,511,33,149,0.989244,36.63,2.3,0.69,0.2,2926,1298,919,436,273,15062,224,1093,931,354,195,129,261967.509,94274.8735,2141.08149,30341.75753,192901.4522,61602.56955,20957.96286,175816.5119,67302.99467,7202,3734,696,2015,5938
3149,2193,119,26,83,442,242,383.7942,2801.571477,252.401877,99.8736866,5714,0.235231156,2799,2915,2744,2417,990,1810,2161,562,191,24.93075,18.96248,43.89323,33.98577,2293,4.900245,4.725236,100.63,100.805,-0.17501,2.09,40.12951,2091,128,35,5,32,0.20837,79.25,32.16667,821,637,169,14,1,34,595,6018,2.493427,24291,88,4,45,64,1107,2288,178,43,0.684751,31.28,2.1,0.86,0.5,1402,348,785,93,176,7594,71,328,286,354,234,129,109390.574,45607.256,3315.873,8274.865,48192.80737,12672.80002,4938.33746,49152.62174,32353.13766,574,574,98,271,6300
8365,6494,596,79,75,194,838,561.7647,5370.801004,1559.589271,2781.40727,11560,10.433213,5864,5696,5233,4648,2061,3402,3868,1502,727,28.34938,30.66025,59.00963,48.40213,2270,7.785467,2.33564,85.12111,80.79585,4.32526,2.12,19.63668,1472,468,146,103,70,3.055628,167.0833,69.5,1102,915,153,28,6,91,3330,7357,2.657012,1108,196,34,59,78,526,207,7,99,1.456867,49.13,2.1,0.54,2.1,2383,1342,561,307,173,6109,110,1050,738,324,120,41,239478.4698,62108.33196,19713.40487,14206.57907,105209.4975,31069.81911,4109.71095,84565.21844,34878.09885,2935,1295,207,551,4289
7387,5747,508,119,68,72,789,561.5046,4562.598834,2100.594616,1761.061038,10235,18.98886827,5265,4970,4216,4515,1976,2542,3507,1494,716,32.66656,36.53496,69.20152,47.92503,2216,10.74744,0.293112,85.00244,87.73815,-2.73571,2.14,21.6512,993,664,284,204,66,5.383185,169.75,68.33333,550,451,76,17,6,219,1206,5919,3.160652,539,146,12,26,46,68,237,7,26,1.431934,45.69,2.1,0.58,0.7,1622,864,573,113,72,5098,90,708,521,224,59,20,44374.13619,28066.24619,4319.82573,18610.34791,49893.9924,7756.39121,2915.0699,45381.5812,23693.6489,2072,991,180,552,361
8108,6675,251,4,25,49,1038,521.8513,5001.182744,2485.442027,1919.817539,12791,16.29426752,6699,6092,5414,5491,2566,2612,4589,1924,1100,35.63394,41.99417,77.62811,57.17256,3072,11.57064,-0.3909,91.86147,88.34337,3.518099,2.16,24.01689,2532,164,151,43,172,1.670195,169.25,70.91667,1148,1044,90,12,2,10,379,5709,2.691807,785,229,34,10,55,297,160,0,24,1.787861,52.44,2.2,0.55,1.2,2111,907,937,174,93,6656,49,478,1062,446,49,27,214347.5625,113295.4068,27749.29268,2658.56725,154472.9216,29368.64237,7888.37029,150765.7954,117873.3084,1094,1094,256,638,161
5877,4816,406,40,34,46,457,544.6732,3674.650726,773.7869162,2198.627379,8842,19.09719222,4416,4426,3824,3718,1617,2617,3020,1135,453,28.68547,28.17101,56.85648,39.91189,3726,7.803664,3.732187,85.50102,78.26284,7.238181,2.07,42.13979,1573,1503,419,193,28,7.044831,248.6667,115.4167,389,301,67,18,3,3,1672,3548,5.433346,463,101,26,55,64,86,116,18,3,3.463759,43.45,2.1,0.59,0.2,1303,676,510,70,47,4677,49,607,441,137,34,35,55397.78748,27501.54461,6438.87099,10048.15033,53647.0309,4185.76065,2559.9681,56350.6965,35244.73173,790,790,160,439,2534
22157,18282,1438,73,126,143,1812,613.4076,13067.61198,4834.918492,5110.30865,29804,13.77901063,14722,15082,13287,12842,5452,8188,10830,3781,1553,28.66758,28.04711,56.71469,41.07379,10041,7.884848,3.9592,105.4556,92.00107,13.45457,2.12,33.69011,6804,1610,719,296,537,1.668034,437.8333,197.5,6919,6236,577,93,13,125,6453,34198,2.752765,2163,313,55,54,155,821,717,7,243,0.59971,48.63,2.1,0.59,1.4,3341,1123,1385,625,208,15174,130,727,1011,715,396,362,573182.6564,291329.5021,38390.46042,23637.84404,242380.8651,9878.84025,12505.23811,274311.7733,197473.1926,7393,3164,484,1402,1711
181701,139908,12602,1205,265,2499,23389,347.3714,193917.992,124963.7187,37650.36767,402762,45.80484476,202226,200536,215597,134704,68407,143668,128543,40704,21440,25.13014,22.82935,47.95949,52.67296,130164,8.277842,4.652872,88.3847,74.6992,13.6855,1.99,32.31785,90542,14180,12099,6142,6735,4.619919,9241.417,4126.167,43973,37033,5449,1246,245,197,29163,439275,4.047413,8793,2924,799,441,1284,2306,888,112,3203,0.205486,38.92,2,0.67,1.9,37432,9493,17479,7724,2736,220940,120,323,2090,10418,10818,13663,13441380.22,5715963.171,619933.7535,888044.1809,5129081.666,688128.1048,314891.6695,4857835.012,2613826.589,72837,37863,7772,18617,261